Codon	AA	GC	AT	Cat	A	T	G	C
TTT	F	0	3	WWW	0	3	0	0
TTA	L	0	3	WWW	1	2	0	0
TAT	Y	0	3	WWW	1	2	0	0
TAA	X	0	3	WWW	2	1	0	0
ATT	I	0	3	WWW	1	2	0	0
ATA	I	0	3	WWW	2	1	0	0
AAT	N	0	3	WWW	2	1	0	0
AAA	K	0	3	WWW	3	0	0	0
TTC	F	1	2	WWS	0	2	0	1
TTG	L	1	2	WWS	0	2	1	0
TCT	S	1	2	WWS	0	2	0	1
TCA	S	1	2	WWS	1	1	0	1
TAC	Y	1	2	WWS	1	1	0	1
TAG	X	1	2	WWS	1	1	1	0
TGT	C	1	2	WWS	0	2	1	0
TGA	X	1	2	WWS	1	1	1	0
CTT	L	1	2	WWS	0	2	0	1
CTA	L	1	2	WWS	1	1	0	1
CAT	H	1	2	WWS	1	1	0	1
CAA	Q	1	2	WWS	2	0	0	1
ATC	I	1	2	WWS	1	1	0	1
ATG	M	1	2	WWS	1	1	1	0
ACT	T	1	2	WWS	1	1	0	1
ACA	T	1	2	WWS	2	0	0	1
AAC	N	1	2	WWS	2	0	0	1
AAG	K	1	2	WWS	2	0	1	0
AGT	S	1	2	WWS	1	1	1	0
AGA	R	1	2	WWS	2	0	1	0
GTT	V	1	2	WWS	0	2	1	0
GTA	V	1	2	WWS	1	1	1	0
GAT	D	1	2	WWS	1	1	1	0
GAA	E	1	2	WWS	2	0	1	0
TCC	S	2	1	WSS	0	1	0	2
TCG	S	2	1	WSS	0	1	1	1
TGC	C	2	1	WSS	0	1	1	1
TGG	W	2	1	WSS	0	1	2	0
CTC	L	2	1	WSS	0	1	0	2
CTG	L	2	1	WSS	0	1	1	1
CCT	P	2	1	WSS	0	1	0	2
CCA	P	2	1	WSS	1	0	0	2
CAC	H	2	1	WSS	1	0	0	2
CAG	Q	2	1	WSS	1	0	1	1
CGT	R	2	1	WSS	0	1	1	1
CGA	R	2	1	WSS	1	0	1	1
ACC	T	2	1	WSS	1	0	0	2
ACG	T	2	1	WSS	1	0	1	1
AGC	S	2	1	WSS	1	0	1	1
AGG	R	2	1	WSS	1	0	2	0
GTC	V	2	1	WSS	0	1	1	1
GTG	V	2	1	WSS	0	1	2	0
GCT	A	2	1	WSS	0	1	1	1
GCA	A	2	1	WSS	1	0	1	1
GAC	D	2	1	WSS	1	0	1	1
GAG	E	2	1	WSS	1	0	2	0
GGT	G	2	1	WSS	0	1	2	0
GGA	G	2	1	WSS	1	0	2	0
CCC	P	3	0	SSS	0	0	0	3
CCG	P	3	0	SSS	0	0	1	2
CGC	R	3	0	SSS	0	0	1	2
CGG	R	3	0	SSS	0	0	2	1
GCC	A	3	0	SSS	0	0	1	2
GCG	A	3	0	SSS	0	0	2	1
GGC	G	3	0	SSS	0	0	2	1
GGG	G	3	0	SSS	0	0	3	0