Tax,Codon,AA,Count,TotalCodons
Sr_r_As02,GCT,A,2225,153500
Sr_r_As02,GCC,A,2268,153500
Sr_r_As02,GCA,A,2922,153500
Sr_r_As02,GCG,A,3463,153500
Sr_r_As02,CGT,R,1180,153500
Sr_r_As02,CGC,R,1529,153500
Sr_r_As02,CGG,R,377,153500
Sr_r_As02,CGA,R,2317,153500
Sr_r_As02,AGA,R,1601,153500
Sr_r_As02,AGG,R,432,153500
Sr_r_As02,AAT,N,4151,153500
Sr_r_As02,AAC,N,3059,153500
Sr_r_As02,GAT,D,6007,153500
Sr_r_As02,GAC,D,3455,153500
Sr_r_As02,TGT,C,1515,153500
Sr_r_As02,TGC,C,1418,153500
Sr_r_As02,CAA,Q,3305,153500
Sr_r_As02,CAG,Q,2857,153500
Sr_r_As02,GAA,E,4375,153500
Sr_r_As02,GAG,E,5107,153500
Sr_r_As02,GGT,G,2681,153500
Sr_r_As02,GGC,G,3332,153500
Sr_r_As02,GGA,G,4204,153500
Sr_r_As02,GGG,G,254,153500
Sr_r_As02,CAT,H,2382,153500
Sr_r_As02,CAC,H,1330,153500
Sr_r_As02,ATT,I,4458,153500
Sr_r_As02,ATC,I,4488,153500
Sr_r_As02,ATA,I,1077,153500
Sr_r_As02,ATG,M,4081,153500
Sr_r_As02,TTA,L,1875,153500
Sr_r_As02,TTG,L,6527,153500
Sr_r_As02,CTT,L,386,153500
Sr_r_As02,CTC,L,1541,153500
Sr_r_As02,CTA,L,361,153500
Sr_r_As02,CTG,L,1982,153500
Sr_r_As02,AAA,K,6641,153500
Sr_r_As02,AAG,K,5325,153500
Sr_r_As02,TTT,F,3692,153500
Sr_r_As02,TTC,F,2769,153500
Sr_r_As02,CCT,P,1056,153500
Sr_r_As02,CCC,P,623,153500
Sr_r_As02,CCA,P,2221,153500
Sr_r_As02,CCG,P,2027,153500
Sr_r_As02,TCT,S,1268,153500
Sr_r_As02,TCC,S,949,153500
Sr_r_As02,TCA,S,1147,153500
Sr_r_As02,TCG,S,3026,153500
Sr_r_As02,AGT,S,1210,153500
Sr_r_As02,AGC,S,1104,153500
Sr_r_As02,ACT,T,1628,153500
Sr_r_As02,ACC,T,2223,153500
Sr_r_As02,ACA,T,1743,153500
Sr_r_As02,ACG,T,2184,153500
Sr_r_As02,TGG,W,2067,153500
Sr_r_As02,TAT,Y,3619,153500
Sr_r_As02,TAC,Y,2051,153500
Sr_r_As02,GTT,V,1457,153500
Sr_r_As02,GTC,V,2436,153500
Sr_r_As02,GTA,V,1223,153500
Sr_r_As02,GTG,V,5289,153500
Sr_r_As05,GCT,A,2704,179291
Sr_r_As05,GCC,A,2366,179291
Sr_r_As05,GCA,A,4522,179291
Sr_r_As05,GCG,A,3261,179291
Sr_r_As05,CGT,R,1838,179291
Sr_r_As05,CGC,R,1460,179291
Sr_r_As05,CGG,R,470,179291
Sr_r_As05,CGA,R,2656,179291
Sr_r_As05,AGA,R,1694,179291
Sr_r_As05,AGG,R,532,179291
Sr_r_As05,AAT,N,5119,179291
Sr_r_As05,AAC,N,3396,179291
Sr_r_As05,GAT,D,7702,179291
Sr_r_As05,GAC,D,3448,179291
Sr_r_As05,TGT,C,2040,179291
Sr_r_As05,TGC,C,1407,179291
Sr_r_As05,CAA,Q,3932,179291
Sr_r_As05,CAG,Q,3396,179291
Sr_r_As05,GAA,E,5219,179291
Sr_r_As05,GAG,E,5801,179291
Sr_r_As05,GGT,G,3601,179291
Sr_r_As05,GGC,G,3355,179291
Sr_r_As05,GGA,G,5170,179291
Sr_r_As05,GGG,G,286,179291
Sr_r_As05,CAT,H,3108,179291
Sr_r_As05,CAC,H,1291,179291
Sr_r_As05,ATT,I,5350,179291
Sr_r_As05,ATC,I,4797,179291
Sr_r_As05,ATA,I,1407,179291
Sr_r_As05,ATG,M,4854,179291
Sr_r_As05,TTA,L,1946,179291
Sr_r_As05,TTG,L,7259,179291
Sr_r_As05,CTT,L,614,179291
Sr_r_As05,CTC,L,2044,179291
Sr_r_As05,CTA,L,494,179291
Sr_r_As05,CTG,L,2596,179291
Sr_r_As05,AAA,K,7015,179291
Sr_r_As05,AAG,K,6447,179291
Sr_r_As05,TTT,F,4642,179291
Sr_r_As05,TTC,F,2792,179291
Sr_r_As05,CCT,P,1179,179291
Sr_r_As05,CCC,P,705,179291
Sr_r_As05,CCA,P,2844,179291
Sr_r_As05,CCG,P,2271,179291
Sr_r_As05,TCT,S,1321,179291
Sr_r_As05,TCC,S,1071,179291
Sr_r_As05,TCA,S,1964,179291
Sr_r_As05,TCG,S,2992,179291
Sr_r_As05,AGT,S,1738,179291
Sr_r_As05,AGC,S,1224,179291
Sr_r_As05,ACT,T,1821,179291
Sr_r_As05,ACC,T,2080,179291
Sr_r_As05,ACA,T,2543,179291
Sr_r_As05,ACG,T,2530,179291
Sr_r_As05,TGG,W,2401,179291
Sr_r_As05,TAT,Y,4330,179291
Sr_r_As05,TAC,Y,2192,179291
Sr_r_As05,GTT,V,1798,179291
Sr_r_As05,GTC,V,2287,179291
Sr_r_As05,GTA,V,2036,179291
Sr_r_As05,GTG,V,5933,179291
Sr_r_Hg01,GCT,A,2486,170615
Sr_r_Hg01,GCC,A,2185,170615
Sr_r_Hg01,GCA,A,3953,170615
Sr_r_Hg01,GCG,A,3222,170615
Sr_r_Hg01,CGT,R,1616,170615
Sr_r_Hg01,CGC,R,1280,170615
Sr_r_Hg01,CGG,R,544,170615
Sr_r_Hg01,CGA,R,2124,170615
Sr_r_Hg01,AGA,R,2012,170615
Sr_r_Hg01,AGG,R,628,170615
Sr_r_Hg01,AAT,N,5956,170615
Sr_r_Hg01,AAC,N,2240,170615
Sr_r_Hg01,GAT,D,7411,170615
Sr_r_Hg01,GAC,D,3140,170615
Sr_r_Hg01,TGT,C,2079,170615
Sr_r_Hg01,TGC,C,1240,170615
Sr_r_Hg01,CAA,Q,4174,170615
Sr_r_Hg01,CAG,Q,2448,170615
Sr_r_Hg01,GAA,E,5752,170615
Sr_r_Hg01,GAG,E,4814,170615
Sr_r_Hg01,GGT,G,3472,170615
Sr_r_Hg01,GGC,G,3348,170615
Sr_r_Hg01,GGA,G,3921,170615
Sr_r_Hg01,GGG,G,862,170615
Sr_r_Hg01,CAT,H,2702,170615
Sr_r_Hg01,CAC,H,1315,170615
Sr_r_Hg01,ATT,I,5905,170615
Sr_r_Hg01,ATC,I,3745,170615
Sr_r_Hg01,ATA,I,1994,170615
Sr_r_Hg01,ATG,M,4658,170615
Sr_r_Hg01,TTA,L,3637,170615
Sr_r_Hg01,TTG,L,6848,170615
Sr_r_Hg01,CTT,L,612,170615
Sr_r_Hg01,CTC,L,1122,170615
Sr_r_Hg01,CTA,L,611,170615
Sr_r_Hg01,CTG,L,1535,170615
Sr_r_Hg01,AAA,K,8558,170615
Sr_r_Hg01,AAG,K,4475,170615
Sr_r_Hg01,TTT,F,4621,170615
Sr_r_Hg01,TTC,F,2457,170615
Sr_r_Hg01,CCT,P,1614,170615
Sr_r_Hg01,CCC,P,935,170615
Sr_r_Hg01,CCA,P,2737,170615
Sr_r_Hg01,CCG,P,1355,170615
Sr_r_Hg01,TCT,S,1589,170615
Sr_r_Hg01,TCC,S,1322,170615
Sr_r_Hg01,TCA,S,2045,170615
Sr_r_Hg01,TCG,S,2508,170615
Sr_r_Hg01,AGT,S,1769,170615
Sr_r_Hg01,AGC,S,933,170615
Sr_r_Hg01,ACT,T,2024,170615
Sr_r_Hg01,ACC,T,1734,170615
Sr_r_Hg01,ACA,T,2778,170615
Sr_r_Hg01,ACG,T,2166,170615
Sr_r_Hg01,TGG,W,2179,170615
Sr_r_Hg01,TAT,Y,4282,170615
Sr_r_Hg01,TAC,Y,1817,170615
Sr_r_Hg01,GTT,V,2052,170615
Sr_r_Hg01,GTC,V,2662,170615
Sr_r_Hg01,GTA,V,1508,170615
Sr_r_Hg01,GTG,V,4904,170615
Sr_r_HgpA,GCT,A,2587,182210
Sr_r_HgpA,GCC,A,2286,182210
Sr_r_HgpA,GCA,A,4327,182210
Sr_r_HgpA,GCG,A,3363,182210
Sr_r_HgpA,CGT,R,1631,182210
Sr_r_HgpA,CGC,R,1328,182210
Sr_r_HgpA,CGG,R,606,182210
Sr_r_HgpA,CGA,R,2234,182210
Sr_r_HgpA,AGA,R,2188,182210
Sr_r_HgpA,AGG,R,695,182210
Sr_r_HgpA,AAT,N,6541,182210
Sr_r_HgpA,AAC,N,2368,182210
Sr_r_HgpA,GAT,D,7892,182210
Sr_r_HgpA,GAC,D,3247,182210
Sr_r_HgpA,TGT,C,2293,182210
Sr_r_HgpA,TGC,C,1272,182210
Sr_r_HgpA,CAA,Q,4482,182210
Sr_r_HgpA,CAG,Q,2584,182210
Sr_r_HgpA,GAA,E,6063,182210
Sr_r_HgpA,GAG,E,5070,182210
Sr_r_HgpA,GGT,G,3629,182210
Sr_r_HgpA,GGC,G,3602,182210
Sr_r_HgpA,GGA,G,4264,182210
Sr_r_HgpA,GGG,G,950,182210
Sr_r_HgpA,CAT,H,2979,182210
Sr_r_HgpA,CAC,H,1401,182210
Sr_r_HgpA,ATT,I,6389,182210
Sr_r_HgpA,ATC,I,3989,182210
Sr_r_HgpA,ATA,I,2283,182210
Sr_r_HgpA,ATG,M,4864,182210
Sr_r_HgpA,TTA,L,3740,182210
Sr_r_HgpA,TTG,L,7387,182210
Sr_r_HgpA,CTT,L,657,182210
Sr_r_HgpA,CTC,L,1175,182210
Sr_r_HgpA,CTA,L,662,182210
Sr_r_HgpA,CTG,L,1640,182210
Sr_r_HgpA,AAA,K,9036,182210
Sr_r_HgpA,AAG,K,4738,182210
Sr_r_HgpA,TTT,F,5007,182210
Sr_r_HgpA,TTC,F,2679,182210
Sr_r_HgpA,CCT,P,1664,182210
Sr_r_HgpA,CCC,P,980,182210
Sr_r_HgpA,CCA,P,2856,182210
Sr_r_HgpA,CCG,P,1483,182210
Sr_r_HgpA,TCT,S,1720,182210
Sr_r_HgpA,TCC,S,1382,182210
Sr_r_HgpA,TCA,S,2262,182210
Sr_r_HgpA,TCG,S,2604,182210
Sr_r_HgpA,AGT,S,1988,182210
Sr_r_HgpA,AGC,S,1037,182210
Sr_r_HgpA,ACT,T,2238,182210
Sr_r_HgpA,ACC,T,1827,182210
Sr_r_HgpA,ACA,T,2994,182210
Sr_r_HgpA,ACG,T,2276,182210
Sr_r_HgpA,TGG,W,2363,182210
Sr_r_HgpA,TAT,Y,4673,182210
Sr_r_HgpA,TAC,Y,1920,182210
Sr_r_HgpA,GTT,V,2224,182210
Sr_r_HgpA,GTC,V,2713,182210
Sr_r_HgpA,GTA,V,1624,182210
Sr_r_HgpA,GTG,V,5254,182210
Sr_r_Al01,GCT,A,3697,272701
Sr_r_Al01,GCC,A,3855,272701
Sr_r_Al01,GCA,A,6356,272701
Sr_r_Al01,GCG,A,4935,272701
Sr_r_Al01,CGT,R,2644,272701
Sr_r_Al01,CGC,R,2344,272701
Sr_r_Al01,CGG,R,898,272701
Sr_r_Al01,CGA,R,3220,272701
Sr_r_Al01,AGA,R,2766,272701
Sr_r_Al01,AGG,R,868,272701
Sr_r_Al01,AAT,N,9414,272701
Sr_r_Al01,AAC,N,3979,272701
Sr_r_Al01,GAT,D,11167,272701
Sr_r_Al01,GAC,D,5647,272701
Sr_r_Al01,TGT,C,3309,272701
Sr_r_Al01,TGC,C,2062,272701
Sr_r_Al01,CAA,Q,6656,272701
Sr_r_Al01,CAG,Q,3815,272701
Sr_r_Al01,GAA,E,8966,272701
Sr_r_Al01,GAG,E,7547,272701
Sr_r_Al01,GGT,G,5459,272701
Sr_r_Al01,GGC,G,5904,272701
Sr_r_Al01,GGA,G,5698,272701
Sr_r_Al01,GGG,G,1435,272701
Sr_r_Al01,CAT,H,4393,272701
Sr_r_Al01,CAC,H,2299,272701
Sr_r_Al01,ATT,I,9248,272701
Sr_r_Al01,ATC,I,6411,272701
Sr_r_Al01,ATA,I,3343,272701
Sr_r_Al01,ATG,M,7234,272701
Sr_r_Al01,TTA,L,5862,272701
Sr_r_Al01,TTG,L,10291,272701
Sr_r_Al01,CTT,L,1047,272701
Sr_r_Al01,CTC,L,2063,272701
Sr_r_Al01,CTA,L,1087,272701
Sr_r_Al01,CTG,L,2653,272701
Sr_r_Al01,AAA,K,13271,272701
Sr_r_Al01,AAG,K,6729,272701
Sr_r_Al01,TTT,F,7249,272701
Sr_r_Al01,TTC,F,4249,272701
Sr_r_Al01,CCT,P,2317,272701
Sr_r_Al01,CCC,P,1725,272701
Sr_r_Al01,CCA,P,4401,272701
Sr_r_Al01,CCG,P,2228,272701
Sr_r_Al01,TCT,S,2635,272701
Sr_r_Al01,TCC,S,2521,272701
Sr_r_Al01,TCA,S,3504,272701
Sr_r_Al01,TCG,S,3895,272701
Sr_r_Al01,AGT,S,2934,272701
Sr_r_Al01,AGC,S,1789,272701
Sr_r_Al01,ACT,T,3218,272701
Sr_r_Al01,ACC,T,3062,272701
Sr_r_Al01,ACA,T,4545,272701
Sr_r_Al01,ACG,T,3329,272701
Sr_r_Al01,TGG,W,3433,272701
Sr_r_Al01,TAT,Y,6519,272701
Sr_r_Al01,TAC,Y,3217,272701
Sr_r_Al01,GTT,V,3141,272701
Sr_r_Al01,GTC,V,4280,272701
Sr_r_Al01,GTA,V,2357,272701
Sr_r_Al01,GTG,V,7581,272701
Sr_r_RspA,GCT,A,2616,219491
Sr_r_RspA,GCC,A,2629,219491
Sr_r_RspA,GCA,A,4012,219491
Sr_r_RspA,GCG,A,5612,219491
Sr_r_RspA,CGT,R,2037,219491
Sr_r_RspA,CGC,R,2308,219491
Sr_r_RspA,CGG,R,541,219491
Sr_r_RspA,CGA,R,2503,219491
Sr_r_RspA,AGA,R,1519,219491
Sr_r_RspA,AGG,R,1314,219491
Sr_r_RspA,AAT,N,6830,219491
Sr_r_RspA,AAC,N,4536,219491
Sr_r_RspA,GAT,D,7845,219491
Sr_r_RspA,GAC,D,5212,219491
Sr_r_RspA,TGT,C,2308,219491
Sr_r_RspA,TGC,C,1943,219491
Sr_r_RspA,CAA,Q,4542,219491
Sr_r_RspA,CAG,Q,4018,219491
Sr_r_RspA,GAA,E,6671,219491
Sr_r_RspA,GAG,E,6978,219491
Sr_r_RspA,GGT,G,3739,219491
Sr_r_RspA,GGC,G,4790,219491
Sr_r_RspA,GGA,G,3977,219491
Sr_r_RspA,GGG,G,2007,219491
Sr_r_RspA,CAT,H,2867,219491
Sr_r_RspA,CAC,H,2204,219491
Sr_r_RspA,ATT,I,6378,219491
Sr_r_RspA,ATC,I,6162,219491
Sr_r_RspA,ATA,I,2425,219491
Sr_r_RspA,ATG,M,5925,219491
Sr_r_RspA,TTA,L,3187,219491
Sr_r_RspA,TTG,L,9055,219491
Sr_r_RspA,CTT,L,912,219491
Sr_r_RspA,CTC,L,1896,219491
Sr_r_RspA,CTA,L,764,219491
Sr_r_RspA,CTG,L,2966,219491
Sr_r_RspA,AAA,K,11196,219491
Sr_r_RspA,AAG,K,5562,219491
Sr_r_RspA,TTT,F,4901,219491
Sr_r_RspA,TTC,F,4556,219491
Sr_r_RspA,CCT,P,2799,219491
Sr_r_RspA,CCC,P,1440,219491
Sr_r_RspA,CCA,P,2606,219491
Sr_r_RspA,CCG,P,1620,219491
Sr_r_RspA,TCT,S,1538,219491
Sr_r_RspA,TCC,S,1464,219491
Sr_r_RspA,TCA,S,2154,219491
Sr_r_RspA,TCG,S,4231,219491
Sr_r_RspA,AGT,S,2299,219491
Sr_r_RspA,AGC,S,1510,219491
Sr_r_RspA,ACT,T,2347,219491
Sr_r_RspA,ACC,T,2273,219491
Sr_r_RspA,ACA,T,2683,219491
Sr_r_RspA,ACG,T,3839,219491
Sr_r_RspA,TGG,W,2837,219491
Sr_r_RspA,TAT,Y,5281,219491
Sr_r_RspA,TAC,Y,2639,219491
Sr_r_RspA,GTT,V,3401,219491
Sr_r_RspA,GTC,V,4032,219491
Sr_r_RspA,GTA,V,1252,219491
Sr_r_RspA,GTG,V,5803,219491
Sr_r_Ts01,GCT,A,1777,89981
Sr_r_Ts01,GCC,A,165,89981
Sr_r_Ts01,GCA,A,3554,89981
Sr_r_Ts01,GCG,A,221,89981
Sr_r_Ts01,CGT,R,1328,89981
Sr_r_Ts01,CGC,R,60,89981
Sr_r_Ts01,CGG,R,32,89981
Sr_r_Ts01,CGA,R,966,89981
Sr_r_Ts01,AGA,R,1388,89981
Sr_r_Ts01,AGG,R,46,89981
Sr_r_Ts01,AAT,N,5007,89981
Sr_r_Ts01,AAC,N,160,89981
Sr_r_Ts01,GAT,D,5439,89981
Sr_r_Ts01,GAC,D,106,89981
Sr_r_Ts01,TGT,C,1707,89981
Sr_r_Ts01,TGC,C,89,89981
Sr_r_Ts01,CAA,Q,3268,89981
Sr_r_Ts01,CAG,Q,163,89981
Sr_r_Ts01,GAA,E,4728,89981
Sr_r_Ts01,GAG,E,579,89981
Sr_r_Ts01,GGT,G,3732,89981
Sr_r_Ts01,GGC,G,181,89981
Sr_r_Ts01,GGA,G,2181,89981
Sr_r_Ts01,GGG,G,76,89981
Sr_r_Ts01,CAT,H,1981,89981
Sr_r_Ts01,CAC,H,44,89981
Sr_r_Ts01,ATT,I,4188,89981
Sr_r_Ts01,ATC,I,352,89981
Sr_r_Ts01,ATA,I,2751,89981
Sr_r_Ts01,ATG,M,2188,89981
Sr_r_Ts01,TTA,L,6529,89981
Sr_r_Ts01,TTG,L,432,89981
Sr_r_Ts01,CTT,L,260,89981
Sr_r_Ts01,CTC,L,32,89981
Sr_r_Ts01,CTA,L,139,89981
Sr_r_Ts01,CTG,L,23,89981
Sr_r_Ts01,AAA,K,6574,89981
Sr_r_Ts01,AAG,K,512,89981
Sr_r_Ts01,TTT,F,3461,89981
Sr_r_Ts01,TTC,F,202,89981
Sr_r_Ts01,CCT,P,798,89981
Sr_r_Ts01,CCC,P,69,89981
Sr_r_Ts01,CCA,P,2575,89981
Sr_r_Ts01,CCG,P,97,89981
Sr_r_Ts01,TCT,S,1071,89981
Sr_r_Ts01,TCC,S,213,89981
Sr_r_Ts01,TCA,S,2737,89981
Sr_r_Ts01,TCG,S,226,89981
Sr_r_Ts01,AGT,S,1041,89981
Sr_r_Ts01,AGC,S,56,89981
Sr_r_Ts01,ACT,T,1522,89981
Sr_r_Ts01,ACC,T,235,89981
Sr_r_Ts01,ACA,T,2710,89981
Sr_r_Ts01,ACG,T,158,89981
Sr_r_Ts01,TGG,W,1176,89981
Sr_r_Ts01,TAT,Y,3313,89981
Sr_r_Ts01,TAC,Y,88,89981
Sr_r_Ts01,GTT,V,2128,89981
Sr_r_Ts01,GTC,V,166,89981
Sr_r_Ts01,GTA,V,2557,89981
Sr_r_Ts01,GTG,V,424,89981
Sr_r_Tsp1,GCT,A,4386,283158
Sr_r_Tsp1,GCC,A,421,283158
Sr_r_Tsp1,GCA,A,10873,283158
Sr_r_Tsp1,GCG,A,697,283158
Sr_r_Tsp1,CGT,R,3965,283158
Sr_r_Tsp1,CGC,R,149,283158
Sr_r_Tsp1,CGG,R,121,283158
Sr_r_Tsp1,CGA,R,2948,283158
Sr_r_Tsp1,AGA,R,4104,283158
Sr_r_Tsp1,AGG,R,161,283158
Sr_r_Tsp1,AAT,N,18292,283158
Sr_r_Tsp1,AAC,N,727,283158
Sr_r_Tsp1,GAT,D,16634,283158
Sr_r_Tsp1,GAC,D,410,283158
Sr_r_Tsp1,TGT,C,5448,283158
Sr_r_Tsp1,TGC,C,275,283158
Sr_r_Tsp1,CAA,Q,10040,283158
Sr_r_Tsp1,CAG,Q,523,283158
Sr_r_Tsp1,GAA,E,14330,283158
Sr_r_Tsp1,GAG,E,1930,283158
Sr_r_Tsp1,GGT,G,10734,283158
Sr_r_Tsp1,GGC,G,568,283158
Sr_r_Tsp1,GGA,G,7269,283158
Sr_r_Tsp1,GGG,G,302,283158
Sr_r_Tsp1,CAT,H,6148,283158
Sr_r_Tsp1,CAC,H,166,283158
Sr_r_Tsp1,ATT,I,12959,283158
Sr_r_Tsp1,ATC,I,1026,283158
Sr_r_Tsp1,ATA,I,9714,283158
Sr_r_Tsp1,ATG,M,6842,283158
Sr_r_Tsp1,TTA,L,20245,283158
Sr_r_Tsp1,TTG,L,1583,283158
Sr_r_Tsp1,CTT,L,943,283158
Sr_r_Tsp1,CTC,L,85,283158
Sr_r_Tsp1,CTA,L,467,283158
Sr_r_Tsp1,CTG,L,106,283158
Sr_r_Tsp1,AAA,K,20441,283158
Sr_r_Tsp1,AAG,K,1592,283158
Sr_r_Tsp1,TTT,F,10990,283158
Sr_r_Tsp1,TTC,F,613,283158
Sr_r_Tsp1,CCT,P,2113,283158
Sr_r_Tsp1,CCC,P,173,283158
Sr_r_Tsp1,CCA,P,8208,283158
Sr_r_Tsp1,CCG,P,269,283158
Sr_r_Tsp1,TCT,S,3117,283158
Sr_r_Tsp1,TCC,S,637,283158
Sr_r_Tsp1,TCA,S,9562,283158
Sr_r_Tsp1,TCG,S,745,283158
Sr_r_Tsp1,AGT,S,3617,283158
Sr_r_Tsp1,AGC,S,262,283158
Sr_r_Tsp1,ACT,T,4032,283158
Sr_r_Tsp1,ACC,T,677,283158
Sr_r_Tsp1,ACA,T,9548,283158
Sr_r_Tsp1,ACG,T,462,283158
Sr_r_Tsp1,TGG,W,3756,283158
Sr_r_Tsp1,TAT,Y,11163,283158
Sr_r_Tsp1,TAC,Y,375,283158
Sr_r_Tsp1,GTT,V,5838,283158
Sr_r_Tsp1,GTC,V,399,283158
Sr_r_Tsp1,GTA,V,7595,283158
Sr_r_Tsp1,GTG,V,1383,283158
Sr_r_Ts02,GCT,A,3236,167048
Sr_r_Ts02,GCC,A,252,167048
Sr_r_Ts02,GCA,A,6360,167048
Sr_r_Ts02,GCG,A,296,167048
Sr_r_Ts02,CGT,R,2369,167048
Sr_r_Ts02,CGC,R,64,167048
Sr_r_Ts02,CGG,R,58,167048
Sr_r_Ts02,CGA,R,1818,167048
Sr_r_Ts02,AGA,R,2564,167048
Sr_r_Ts02,AGG,R,105,167048
Sr_r_Ts02,AAT,N,10056,167048
Sr_r_Ts02,AAC,N,327,167048
Sr_r_Ts02,GAT,D,9880,167048
Sr_r_Ts02,GAC,D,183,167048
Sr_r_Ts02,TGT,C,3158,167048
Sr_r_Ts02,TGC,C,193,167048
Sr_r_Ts02,CAA,Q,5866,167048
Sr_r_Ts02,CAG,Q,345,167048
Sr_r_Ts02,GAA,E,8722,167048
Sr_r_Ts02,GAG,E,823,167048
Sr_r_Ts02,GGT,G,6591,167048
Sr_r_Ts02,GGC,G,239,167048
Sr_r_Ts02,GGA,G,4469,167048
Sr_r_Ts02,GGG,G,121,167048
Sr_r_Ts02,CAT,H,3684,167048
Sr_r_Ts02,CAC,H,86,167048
Sr_r_Ts02,ATT,I,7803,167048
Sr_r_Ts02,ATC,I,514,167048
Sr_r_Ts02,ATA,I,5547,167048
Sr_r_Ts02,ATG,M,4130,167048
Sr_r_Ts02,TTA,L,12227,167048
Sr_r_Ts02,TTG,L,831,167048
Sr_r_Ts02,CTT,L,493,167048
Sr_r_Ts02,CTC,L,63,167048
Sr_r_Ts02,CTA,L,199,167048
Sr_r_Ts02,CTG,L,29,167048
Sr_r_Ts02,AAA,K,12072,167048
Sr_r_Ts02,AAG,K,830,167048
Sr_r_Ts02,TTT,F,6474,167048
Sr_r_Ts02,TTC,F,426,167048
Sr_r_Ts02,CCT,P,1435,167048
Sr_r_Ts02,CCC,P,138,167048
Sr_r_Ts02,CCA,P,4834,167048
Sr_r_Ts02,CCG,P,155,167048
Sr_r_Ts02,TCT,S,1876,167048
Sr_r_Ts02,TCC,S,293,167048
Sr_r_Ts02,TCA,S,5682,167048
Sr_r_Ts02,TCG,S,327,167048
Sr_r_Ts02,AGT,S,1913,167048
Sr_r_Ts02,AGC,S,128,167048
Sr_r_Ts02,ACT,T,2516,167048
Sr_r_Ts02,ACC,T,398,167048
Sr_r_Ts02,ACA,T,5416,167048
Sr_r_Ts02,ACG,T,261,167048
Sr_r_Ts02,TGG,W,2239,167048
Sr_r_Ts02,TAT,Y,6365,167048
Sr_r_Ts02,TAC,Y,171,167048
Sr_r_Ts02,GTT,V,4264,167048
Sr_r_Ts02,GTC,V,207,167048
Sr_r_Ts02,GTA,V,4419,167048
Sr_r_Ts02,GTG,V,508,167048
Sr_r_Esca,GCT,A,3675,282211
Sr_r_Esca,GCC,A,1523,282211
Sr_r_Esca,GCA,A,10168,282211
Sr_r_Esca,GCG,A,2456,282211
Sr_r_Esca,CGT,R,3443,282211
Sr_r_Esca,CGC,R,486,282211
Sr_r_Esca,CGG,R,269,282211
Sr_r_Esca,CGA,R,3361,282211
Sr_r_Esca,AGA,R,4368,282211
Sr_r_Esca,AGG,R,231,282211
Sr_r_Esca,AAT,N,14721,282211
Sr_r_Esca,AAC,N,1845,282211
Sr_r_Esca,GAT,D,15636,282211
Sr_r_Esca,GAC,D,1603,282211
Sr_r_Esca,TGT,C,4493,282211
Sr_r_Esca,TGC,C,1046,282211
Sr_r_Esca,CAA,Q,7839,282211
Sr_r_Esca,CAG,Q,2447,282211
Sr_r_Esca,GAA,E,13027,282211
Sr_r_Esca,GAG,E,3441,282211
Sr_r_Esca,GGT,G,9433,282211
Sr_r_Esca,GGC,G,1757,282211
Sr_r_Esca,GGA,G,7365,282211
Sr_r_Esca,GGG,G,468,282211
Sr_r_Esca,CAT,H,5623,282211
Sr_r_Esca,CAC,H,912,282211
Sr_r_Esca,ATT,I,10526,282211
Sr_r_Esca,ATC,I,4034,282211
Sr_r_Esca,ATA,I,6595,282211
Sr_r_Esca,ATG,M,7244,282211
Sr_r_Esca,TTA,L,15958,282211
Sr_r_Esca,TTG,L,4793,282211
Sr_r_Esca,CTT,L,654,282211
Sr_r_Esca,CTC,L,676,282211
Sr_r_Esca,CTA,L,750,282211
Sr_r_Esca,CTG,L,464,282211
Sr_r_Esca,AAA,K,20373,282211
Sr_r_Esca,AAG,K,1488,282211
Sr_r_Esca,TTT,F,10155,282211
Sr_r_Esca,TTC,F,1617,282211
Sr_r_Esca,CCT,P,2077,282211
Sr_r_Esca,CCC,P,612,282211
Sr_r_Esca,CCA,P,6967,282211
Sr_r_Esca,CCG,P,1279,282211
Sr_r_Esca,TCT,S,3052,282211
Sr_r_Esca,TCC,S,1329,282211
Sr_r_Esca,TCA,S,8887,282211
Sr_r_Esca,TCG,S,1806,282211
Sr_r_Esca,AGT,S,2807,282211
Sr_r_Esca,AGC,S,596,282211
Sr_r_Esca,ACT,T,3373,282211
Sr_r_Esca,ACC,T,2025,282211
Sr_r_Esca,ACA,T,7894,282211
Sr_r_Esca,ACG,T,1609,282211
Sr_r_Esca,TGG,W,3652,282211
Sr_r_Esca,TAT,Y,9440,282211
Sr_r_Esca,TAC,Y,1413,282211
Sr_r_Esca,GTT,V,5397,282211
Sr_r_Esca,GTC,V,1718,282211
Sr_r_Esca,GTA,V,5197,282211
Sr_r_Esca,GTG,V,4118,282211
Sr_r_Bv04,GCT,A,5779,407288
Sr_r_Bv04,GCC,A,645,407288
Sr_r_Bv04,GCA,A,15890,407288
Sr_r_Bv04,GCG,A,994,407288
Sr_r_Bv04,CGT,R,4258,407288
Sr_r_Bv04,CGC,R,352,407288
Sr_r_Bv04,CGG,R,348,407288
Sr_r_Bv04,CGA,R,2989,407288
Sr_r_Bv04,AGA,R,7580,407288
Sr_r_Bv04,AGG,R,514,407288
Sr_r_Bv04,AAT,N,25401,407288
Sr_r_Bv04,AAC,N,1850,407288
Sr_r_Bv04,GAT,D,22342,407288
Sr_r_Bv04,GAC,D,1211,407288
Sr_r_Bv04,TGT,C,7688,407288
Sr_r_Bv04,TGC,C,571,407288
Sr_r_Bv04,CAA,Q,13936,407288
Sr_r_Bv04,CAG,Q,860,407288
Sr_r_Bv04,GAA,E,20433,407288
Sr_r_Bv04,GAG,E,1714,407288
Sr_r_Bv04,GGT,G,15971,407288
Sr_r_Bv04,GGC,G,1208,407288
Sr_r_Bv04,GGA,G,8970,407288
Sr_r_Bv04,GGG,G,860,407288
Sr_r_Bv04,CAT,H,8721,407288
Sr_r_Bv04,CAC,H,470,407288
Sr_r_Bv04,ATT,I,18831,407288
Sr_r_Bv04,ATC,I,1590,407288
Sr_r_Bv04,ATA,I,14173,407288
Sr_r_Bv04,ATG,M,10423,407288
Sr_r_Bv04,TTA,L,27344,407288
Sr_r_Bv04,TTG,L,3533,407288
Sr_r_Bv04,CTT,L,1556,407288
Sr_r_Bv04,CTC,L,253,407288
Sr_r_Bv04,CTA,L,781,407288
Sr_r_Bv04,CTG,L,199,407288
Sr_r_Bv04,AAA,K,29678,407288
Sr_r_Bv04,AAG,K,1867,407288
Sr_r_Bv04,TTT,F,15733,407288
Sr_r_Bv04,TTC,F,1469,407288
Sr_r_Bv04,CCT,P,3137,407288
Sr_r_Bv04,CCC,P,287,407288
Sr_r_Bv04,CCA,P,11535,407288
Sr_r_Bv04,CCG,P,459,407288
Sr_r_Bv04,TCT,S,3898,407288
Sr_r_Bv04,TCC,S,943,407288
Sr_r_Bv04,TCA,S,14078,407288
Sr_r_Bv04,TCG,S,768,407288
Sr_r_Bv04,AGT,S,6099,407288
Sr_r_Bv04,AGC,S,464,407288
Sr_r_Bv04,ACT,T,5400,407288
Sr_r_Bv04,ACC,T,969,407288
Sr_r_Bv04,ACA,T,14885,407288
Sr_r_Bv04,ACG,T,660,407288
Sr_r_Bv04,TGG,W,5551,407288
Sr_r_Bv04,TAT,Y,16296,407288
Sr_r_Bv04,TAC,Y,836,407288
Sr_r_Bv04,GTT,V,8432,407288
Sr_r_Bv04,GTC,V,807,407288
Sr_r_Bv04,GTA,V,10760,407288
Sr_r_Bv04,GTG,V,2039,407288
Sr_r_Bv05,GCT,A,5415,379716
Sr_r_Bv05,GCC,A,589,379716
Sr_r_Bv05,GCA,A,14793,379716
Sr_r_Bv05,GCG,A,922,379716
Sr_r_Bv05,CGT,R,4069,379716
Sr_r_Bv05,CGC,R,332,379716
Sr_r_Bv05,CGG,R,308,379716
Sr_r_Bv05,CGA,R,2805,379716
Sr_r_Bv05,AGA,R,7240,379716
Sr_r_Bv05,AGG,R,494,379716
Sr_r_Bv05,AAT,N,23639,379716
Sr_r_Bv05,AAC,N,1675,379716
Sr_r_Bv05,GAT,D,20810,379716
Sr_r_Bv05,GAC,D,1150,379716
Sr_r_Bv05,TGT,C,7240,379716
Sr_r_Bv05,TGC,C,490,379716
Sr_r_Bv05,CAA,Q,13019,379716
Sr_r_Bv05,CAG,Q,761,379716
Sr_r_Bv05,GAA,E,19207,379716
Sr_r_Bv05,GAG,E,1597,379716
Sr_r_Bv05,GGT,G,14834,379716
Sr_r_Bv05,GGC,G,1118,379716
Sr_r_Bv05,GGA,G,8311,379716
Sr_r_Bv05,GGG,G,794,379716
Sr_r_Bv05,CAT,H,8243,379716
Sr_r_Bv05,CAC,H,438,379716
Sr_r_Bv05,ATT,I,17353,379716
Sr_r_Bv05,ATC,I,1414,379716
Sr_r_Bv05,ATA,I,13073,379716
Sr_r_Bv05,ATG,M,9780,379716
Sr_r_Bv05,TTA,L,25548,379716
Sr_r_Bv05,TTG,L,3182,379716
Sr_r_Bv05,CTT,L,1453,379716
Sr_r_Bv05,CTC,L,225,379716
Sr_r_Bv05,CTA,L,728,379716
Sr_r_Bv05,CTG,L,198,379716
Sr_r_Bv05,AAA,K,28073,379716
Sr_r_Bv05,AAG,K,1673,379716
Sr_r_Bv05,TTT,F,14673,379716
Sr_r_Bv05,TTC,F,1321,379716
Sr_r_Bv05,CCT,P,2878,379716
Sr_r_Bv05,CCC,P,267,379716
Sr_r_Bv05,CCA,P,10750,379716
Sr_r_Bv05,CCG,P,452,379716
Sr_r_Bv05,TCT,S,3560,379716
Sr_r_Bv05,TCC,S,837,379716
Sr_r_Bv05,TCA,S,13072,379716
Sr_r_Bv05,TCG,S,702,379716
Sr_r_Bv05,AGT,S,5661,379716
Sr_r_Bv05,AGC,S,437,379716
Sr_r_Bv05,ACT,T,5050,379716
Sr_r_Bv05,ACC,T,915,379716
Sr_r_Bv05,ACA,T,13848,379716
Sr_r_Bv05,ACG,T,597,379716
Sr_r_Bv05,TGG,W,5174,379716
Sr_r_Bv05,TAT,Y,15072,379716
Sr_r_Bv05,TAC,Y,769,379716
Sr_r_Bv05,GTT,V,7961,379716
Sr_r_Bv05,GTC,V,759,379716
Sr_r_Bv05,GTA,V,10083,379716
Sr_r_Bv05,GTG,V,1885,379716
Sr_r_Tgra,GCT,A,4502,283306
Sr_r_Tgra,GCC,A,759,283306
Sr_r_Tgra,GCA,A,10646,283306
Sr_r_Tgra,GCG,A,1076,283306
Sr_r_Tgra,CGT,R,3761,283306
Sr_r_Tgra,CGC,R,181,283306
Sr_r_Tgra,CGG,R,295,283306
Sr_r_Tgra,CGA,R,2739,283306
Sr_r_Tgra,AGA,R,4612,283306
Sr_r_Tgra,AGG,R,210,283306
Sr_r_Tgra,AAT,N,16337,283306
Sr_r_Tgra,AAC,N,1326,283306
Sr_r_Tgra,GAT,D,16817,283306
Sr_r_Tgra,GAC,D,846,283306
Sr_r_Tgra,TGT,C,5071,283306
Sr_r_Tgra,TGC,C,585,283306
Sr_r_Tgra,CAA,Q,8345,283306
Sr_r_Tgra,CAG,Q,1559,283306
Sr_r_Tgra,GAA,E,13698,283306
Sr_r_Tgra,GAG,E,2303,283306
Sr_r_Tgra,GGT,G,10690,283306
Sr_r_Tgra,GGC,G,801,283306
Sr_r_Tgra,GGA,G,6995,283306
Sr_r_Tgra,GGG,G,436,283306
Sr_r_Tgra,CAT,H,6154,283306
Sr_r_Tgra,CAC,H,299,283306
Sr_r_Tgra,ATT,I,11890,283306
Sr_r_Tgra,ATC,I,2999,283306
Sr_r_Tgra,ATA,I,7175,283306
Sr_r_Tgra,ATG,M,7118,283306
Sr_r_Tgra,TTA,L,18299,283306
Sr_r_Tgra,TTG,L,3451,283306
Sr_r_Tgra,CTT,L,822,283306
Sr_r_Tgra,CTC,L,211,283306
Sr_r_Tgra,CTA,L,631,283306
Sr_r_Tgra,CTG,L,245,283306
Sr_r_Tgra,AAA,K,20841,283306
Sr_r_Tgra,AAG,K,1840,283306
Sr_r_Tgra,TTT,F,10484,283306
Sr_r_Tgra,TTC,F,1295,283306
Sr_r_Tgra,CCT,P,1891,283306
Sr_r_Tgra,CCC,P,311,283306
Sr_r_Tgra,CCA,P,7847,283306
Sr_r_Tgra,CCG,P,666,283306
Sr_r_Tgra,TCT,S,3085,283306
Sr_r_Tgra,TCC,S,953,283306
Sr_r_Tgra,TCA,S,10450,283306
Sr_r_Tgra,TCG,S,1204,283306
Sr_r_Tgra,AGT,S,2485,283306
Sr_r_Tgra,AGC,S,432,283306
Sr_r_Tgra,ACT,T,3005,283306
Sr_r_Tgra,ACC,T,1625,283306
Sr_r_Tgra,ACA,T,9016,283306
Sr_r_Tgra,ACG,T,1108,283306
Sr_r_Tgra,TGG,W,3729,283306
Sr_r_Tgra,TAT,Y,10118,283306
Sr_r_Tgra,TAC,Y,754,283306
Sr_r_Tgra,GTT,V,7651,283306
Sr_r_Tgra,GTC,V,786,283306
Sr_r_Tgra,GTA,V,5899,283306
Sr_r_Tgra,GTG,V,1947,283306
Sr_r_Emac,GCT,A,4581,300348
Sr_r_Emac,GCC,A,5081,300348
Sr_r_Emac,GCA,A,4498,300348
Sr_r_Emac,GCG,A,8441,300348
Sr_r_Emac,CGT,R,2069,300348
Sr_r_Emac,CGC,R,5203,300348
Sr_r_Emac,CGG,R,1219,300348
Sr_r_Emac,CGA,R,2046,300348
Sr_r_Emac,AGA,R,2116,300348
Sr_r_Emac,AGG,R,1593,300348
Sr_r_Emac,AAT,N,4310,300348
Sr_r_Emac,AAC,N,8664,300348
Sr_r_Emac,GAT,D,8877,300348
Sr_r_Emac,GAC,D,9572,300348
Sr_r_Emac,TGT,C,2304,300348
Sr_r_Emac,TGC,C,3751,300348
Sr_r_Emac,CAA,Q,5479,300348
Sr_r_Emac,CAG,Q,6084,300348
Sr_r_Emac,GAA,E,7407,300348
Sr_r_Emac,GAG,E,9819,300348
Sr_r_Emac,GGT,G,4056,300348
Sr_r_Emac,GGC,G,9785,300348
Sr_r_Emac,GGA,G,5496,300348
Sr_r_Emac,GGG,G,1570,300348
Sr_r_Emac,CAT,H,3308,300348
Sr_r_Emac,CAC,H,3931,300348
Sr_r_Emac,ATT,I,5999,300348
Sr_r_Emac,ATC,I,10127,300348
Sr_r_Emac,ATA,I,2339,300348
Sr_r_Emac,ATG,M,8249,300348
Sr_r_Emac,TTA,L,1420,300348
Sr_r_Emac,TTG,L,7733,300348
Sr_r_Emac,CTT,L,3285,300348
Sr_r_Emac,CTC,L,5099,300348
Sr_r_Emac,CTA,L,1795,300348
Sr_r_Emac,CTG,L,6816,300348
Sr_r_Emac,AAA,K,8312,300348
Sr_r_Emac,AAG,K,12398,300348
Sr_r_Emac,TTT,F,5623,300348
Sr_r_Emac,TTC,F,7005,300348
Sr_r_Emac,CCT,P,3257,300348
Sr_r_Emac,CCC,P,2223,300348
Sr_r_Emac,CCA,P,2398,300348
Sr_r_Emac,CCG,P,3918,300348
Sr_r_Emac,TCT,S,3038,300348
Sr_r_Emac,TCC,S,2743,300348
Sr_r_Emac,TCA,S,2343,300348
Sr_r_Emac,TCG,S,5090,300348
Sr_r_Emac,AGT,S,2657,300348
Sr_r_Emac,AGC,S,4301,300348
Sr_r_Emac,ACT,T,3312,300348
Sr_r_Emac,ACC,T,3745,300348
Sr_r_Emac,ACA,T,3806,300348
Sr_r_Emac,ACG,T,5010,300348
Sr_r_Emac,TGG,W,3879,300348
Sr_r_Emac,TAT,Y,4568,300348
Sr_r_Emac,TAC,Y,5772,300348
Sr_r_Emac,GTT,V,3579,300348
Sr_r_Emac,GTC,V,4331,300348
Sr_r_Emac,GTA,V,1936,300348
Sr_r_Emac,GTG,V,10982,300348
Sr_r_Calb,GCT,A,4048,300465
Sr_r_Calb,GCC,A,2359,300465
Sr_r_Calb,GCA,A,8428,300465
Sr_r_Calb,GCG,A,4295,300465
Sr_r_Calb,CGT,R,1764,300465
Sr_r_Calb,CGC,R,1104,300465
Sr_r_Calb,CGG,R,584,300465
Sr_r_Calb,CGA,R,2343,300465
Sr_r_Calb,AGA,R,5684,300465
Sr_r_Calb,AGG,R,1491,300465
Sr_r_Calb,AAT,N,12979,300465
Sr_r_Calb,AAC,N,4273,300465
Sr_r_Calb,GAT,D,14117,300465
Sr_r_Calb,GAC,D,4737,300465
Sr_r_Calb,TGT,C,3706,300465
Sr_r_Calb,TGC,C,2666,300465
Sr_r_Calb,CAA,Q,8460,300465
Sr_r_Calb,CAG,Q,2277,300465
Sr_r_Calb,GAA,E,12753,300465
Sr_r_Calb,GAG,E,4306,300465
Sr_r_Calb,GGT,G,4904,300465
Sr_r_Calb,GGC,G,3440,300465
Sr_r_Calb,GGA,G,9684,300465
Sr_r_Calb,GGG,G,2292,300465
Sr_r_Calb,CAT,H,5078,300465
Sr_r_Calb,CAC,H,2055,300465
Sr_r_Calb,ATT,I,10885,300465
Sr_r_Calb,ATC,I,6119,300465
Sr_r_Calb,ATA,I,4321,300465
Sr_r_Calb,ATG,M,8587,300465
Sr_r_Calb,TTA,L,6590,300465
Sr_r_Calb,TTG,L,13206,300465
Sr_r_Calb,CTT,L,1519,300465
Sr_r_Calb,CTC,L,1181,300465
Sr_r_Calb,CTA,L,825,300465
Sr_r_Calb,CTG,L,1543,300465
Sr_r_Calb,AAA,K,17939,300465
Sr_r_Calb,AAG,K,4275,300465
Sr_r_Calb,TTT,F,7714,300465
Sr_r_Calb,TTC,F,5350,300465
Sr_r_Calb,CCT,P,2294,300465
Sr_r_Calb,CCC,P,978,300465
Sr_r_Calb,CCA,P,5654,300465
Sr_r_Calb,CCG,P,2318,300465
Sr_r_Calb,TCT,S,2700,300465
Sr_r_Calb,TCC,S,2655,300465
Sr_r_Calb,TCA,S,6003,300465
Sr_r_Calb,TCG,S,3140,300465
Sr_r_Calb,AGT,S,3875,300465
Sr_r_Calb,AGC,S,1959,300465
Sr_r_Calb,ACT,T,4827,300465
Sr_r_Calb,ACC,T,2571,300465
Sr_r_Calb,ACA,T,5902,300465
Sr_r_Calb,ACG,T,2089,300465
Sr_r_Calb,TGG,W,3931,300465
Sr_r_Calb,TAT,Y,7859,300465
Sr_r_Calb,TAC,Y,3184,300465
Sr_r_Calb,GTT,V,5898,300465
Sr_r_Calb,GTC,V,2882,300465
Sr_r_Calb,GTA,V,2678,300465
Sr_r_Calb,GTG,V,7187,300465
Sr_r_As01,GCT,A,2708,175439
Sr_r_As01,GCC,A,2345,175439
Sr_r_As01,GCA,A,4267,175439
Sr_r_As01,GCG,A,3128,175439
Sr_r_As01,CGT,R,1763,175439
Sr_r_As01,CGC,R,1515,175439
Sr_r_As01,CGG,R,412,175439
Sr_r_As01,CGA,R,2618,175439
Sr_r_As01,AGA,R,1602,175439
Sr_r_As01,AGG,R,475,175439
Sr_r_As01,AAT,N,4782,175439
Sr_r_As01,AAC,N,3406,175439
Sr_r_As01,GAT,D,7338,175439
Sr_r_As01,GAC,D,3419,175439
Sr_r_As01,TGT,C,1913,175439
Sr_r_As01,TGC,C,1448,175439
Sr_r_As01,CAA,Q,3805,175439
Sr_r_As01,CAG,Q,3247,175439
Sr_r_As01,GAA,E,5109,175439
Sr_r_As01,GAG,E,5683,175439
Sr_r_As01,GGT,G,3514,175439
Sr_r_As01,GGC,G,3295,175439
Sr_r_As01,GGA,G,4991,175439
Sr_r_As01,GGG,G,259,175439
Sr_r_As01,CAT,H,3102,175439
Sr_r_As01,CAC,H,1338,175439
Sr_r_As01,ATT,I,5199,175439
Sr_r_As01,ATC,I,4941,175439
Sr_r_As01,ATA,I,1369,175439
Sr_r_As01,ATG,M,4834,175439
Sr_r_As01,TTA,L,1946,175439
Sr_r_As01,TTG,L,6912,175439
Sr_r_As01,CTT,L,585,175439
Sr_r_As01,CTC,L,2098,175439
Sr_r_As01,CTA,L,467,175439
Sr_r_As01,CTG,L,2560,175439
Sr_r_As01,AAA,K,6849,175439
Sr_r_As01,AAG,K,6354,175439
Sr_r_As01,TTT,F,4417,175439
Sr_r_As01,TTC,F,2882,175439
Sr_r_As01,CCT,P,1170,175439
Sr_r_As01,CCC,P,702,175439
Sr_r_As01,CCA,P,2764,175439
Sr_r_As01,CCG,P,2149,175439
Sr_r_As01,TCT,S,1343,175439
Sr_r_As01,TCC,S,1084,175439
Sr_r_As01,TCA,S,1963,175439
Sr_r_As01,TCG,S,3010,175439
Sr_r_As01,AGT,S,1588,175439
Sr_r_As01,AGC,S,1198,175439
Sr_r_As01,ACT,T,1798,175439
Sr_r_As01,ACC,T,2149,175439
Sr_r_As01,ACA,T,2466,175439
Sr_r_As01,ACG,T,2414,175439
Sr_r_As01,TGG,W,2320,175439
Sr_r_As01,TAT,Y,4210,175439
Sr_r_As01,TAC,Y,2337,175439
Sr_r_As01,GTT,V,1788,175439
Sr_r_As01,GTC,V,2403,175439
Sr_r_As01,GTA,V,1980,175439
Sr_r_As01,GTG,V,5708,175439
Sr_r_As03,GCT,A,2673,173373
Sr_r_As03,GCC,A,2259,173373
Sr_r_As03,GCA,A,4243,173373
Sr_r_As03,GCG,A,3174,173373
Sr_r_As03,CGT,R,1774,173373
Sr_r_As03,CGC,R,1415,173373
Sr_r_As03,CGG,R,440,173373
Sr_r_As03,CGA,R,2590,173373
Sr_r_As03,AGA,R,1672,173373
Sr_r_As03,AGG,R,531,173373
Sr_r_As03,AAT,N,4906,173373
Sr_r_As03,AAC,N,3255,173373
Sr_r_As03,GAT,D,7409,173373
Sr_r_As03,GAC,D,3219,173373
Sr_r_As03,TGT,C,2010,173373
Sr_r_As03,TGC,C,1367,173373
Sr_r_As03,CAA,Q,3717,173373
Sr_r_As03,CAG,Q,3295,173373
Sr_r_As03,GAA,E,5004,173373
Sr_r_As03,GAG,E,5580,173373
Sr_r_As03,GGT,G,3510,173373
Sr_r_As03,GGC,G,3201,173373
Sr_r_As03,GGA,G,4976,173373
Sr_r_As03,GGG,G,275,173373
Sr_r_As03,CAT,H,2994,173373
Sr_r_As03,CAC,H,1258,173373
Sr_r_As03,ATT,I,5270,173373
Sr_r_As03,ATC,I,4742,173373
Sr_r_As03,ATA,I,1354,173373
Sr_r_As03,ATG,M,4672,173373
Sr_r_As03,TTA,L,1949,173373
Sr_r_As03,TTG,L,7056,173373
Sr_r_As03,CTT,L,571,173373
Sr_r_As03,CTC,L,2034,173373
Sr_r_As03,CTA,L,481,173373
Sr_r_As03,CTG,L,2502,173373
Sr_r_As03,AAA,K,6702,173373
Sr_r_As03,AAG,K,6236,173373
Sr_r_As03,TTT,F,4508,173373
Sr_r_As03,TTC,F,2806,173373
Sr_r_As03,CCT,P,1111,173373
Sr_r_As03,CCC,P,669,173373
Sr_r_As03,CCA,P,2716,173373
Sr_r_As03,CCG,P,2153,173373
Sr_r_As03,TCT,S,1298,173373
Sr_r_As03,TCC,S,999,173373
Sr_r_As03,TCA,S,1855,173373
Sr_r_As03,TCG,S,2948,173373
Sr_r_As03,AGT,S,1633,173373
Sr_r_As03,AGC,S,1160,173373
Sr_r_As03,ACT,T,1791,173373
Sr_r_As03,ACC,T,2043,173373
Sr_r_As03,ACA,T,2467,173373
Sr_r_As03,ACG,T,2461,173373
Sr_r_As03,TGG,W,2345,173373
Sr_r_As03,TAT,Y,4261,173373
Sr_r_As03,TAC,Y,2150,173373
Sr_r_As03,GTT,V,1759,173373
Sr_r_As03,GTC,V,2269,173373
Sr_r_As03,GTA,V,1963,173373
Sr_r_As03,GTG,V,5692,173373
Sr_r_As04,GCT,A,929,89405
Sr_r_As04,GCC,A,1885,89405
Sr_r_As04,GCA,A,913,89405
Sr_r_As04,GCG,A,2684,89405
Sr_r_As04,CGT,R,334,89405
Sr_r_As04,CGC,R,1353,89405
Sr_r_As04,CGG,R,385,89405
Sr_r_As04,CGA,R,1133,89405
Sr_r_As04,AGA,R,745,89405
Sr_r_As04,AGG,R,515,89405
Sr_r_As04,AAT,N,1171,89405
Sr_r_As04,AAC,N,2847,89405
Sr_r_As04,GAT,D,2165,89405
Sr_r_As04,GAC,D,3374,89405
Sr_r_As04,TGT,C,436,89405
Sr_r_As04,TGC,C,1240,89405
Sr_r_As04,CAA,Q,1133,89405
Sr_r_As04,CAG,Q,2528,89405
Sr_r_As04,GAA,E,1590,89405
Sr_r_As04,GAG,E,4100,89405
Sr_r_As04,GGT,G,779,89405
Sr_r_As04,GGC,G,2974,89405
Sr_r_As04,GGA,G,1977,89405
Sr_r_As04,GGG,G,271,89405
Sr_r_As04,CAT,H,855,89405
Sr_r_As04,CAC,H,1265,89405
Sr_r_As04,ATT,I,1258,89405
Sr_r_As04,ATC,I,3983,89405
Sr_r_As04,ATA,I,498,89405
Sr_r_As04,ATG,M,2344,89405
Sr_r_As04,TTA,L,756,89405
Sr_r_As04,TTG,L,2441,89405
Sr_r_As04,CTT,L,112,89405
Sr_r_As04,CTC,L,1325,89405
Sr_r_As04,CTA,L,193,89405
Sr_r_As04,CTG,L,2590,89405
Sr_r_As04,AAA,K,2972,89405
Sr_r_As04,AAG,K,4212,89405
Sr_r_As04,TTT,F,1339,89405
Sr_r_As04,TTC,F,2402,89405
Sr_r_As04,CCT,P,505,89405
Sr_r_As04,CCC,P,625,89405
Sr_r_As04,CCA,P,673,89405
Sr_r_As04,CCG,P,1716,89405
Sr_r_As04,TCT,S,508,89405
Sr_r_As04,TCC,S,853,89405
Sr_r_As04,TCA,S,342,89405
Sr_r_As04,TCG,S,2030,89405
Sr_r_As04,AGT,S,343,89405
Sr_r_As04,AGC,S,986,89405
Sr_r_As04,ACT,T,544,89405
Sr_r_As04,ACC,T,1698,89405
Sr_r_As04,ACA,T,471,89405
Sr_r_As04,ACG,T,1724,89405
Sr_r_As04,TGG,W,1167,89405
Sr_r_As04,TAT,Y,1108,89405
Sr_r_As04,TAC,Y,2041,89405
Sr_r_As04,GTT,V,629,89405
Sr_r_As04,GTC,V,1675,89405
Sr_r_As04,GTA,V,324,89405
Sr_r_As04,GTG,V,3437,89405
Sr_r_Emar,GCT,A,3068,273340
Sr_r_Emar,GCC,A,4246,273340
Sr_r_Emar,GCA,A,5339,273340
Sr_r_Emar,GCG,A,8487,273340
Sr_r_Emar,CGT,R,3367,273340
Sr_r_Emar,CGC,R,4637,273340
Sr_r_Emar,CGG,R,731,273340
Sr_r_Emar,CGA,R,3179,273340
Sr_r_Emar,AGA,R,1165,273340
Sr_r_Emar,AGG,R,284,273340
Sr_r_Emar,AAT,N,7185,273340
Sr_r_Emar,AAC,N,5136,273340
Sr_r_Emar,GAT,D,9832,273340
Sr_r_Emar,GAC,D,6902,273340
Sr_r_Emar,TGT,C,2723,273340
Sr_r_Emar,TGC,C,2659,273340
Sr_r_Emar,CAA,Q,6579,273340
Sr_r_Emar,CAG,Q,4936,273340
Sr_r_Emar,GAA,E,6521,273340
Sr_r_Emar,GAG,E,9336,273340
Sr_r_Emar,GGT,G,5856,273340
Sr_r_Emar,GGC,G,8130,273340
Sr_r_Emar,GGA,G,3799,273340
Sr_r_Emar,GGG,G,760,273340
Sr_r_Emar,CAT,H,4150,273340
Sr_r_Emar,CAC,H,2836,273340
Sr_r_Emar,ATT,I,9868,273340
Sr_r_Emar,ATC,I,5844,273340
Sr_r_Emar,ATA,I,1473,273340
Sr_r_Emar,ATG,M,7171,273340
Sr_r_Emar,TTA,L,2209,273340
Sr_r_Emar,TTG,L,11160,273340
Sr_r_Emar,CTT,L,1017,273340
Sr_r_Emar,CTC,L,3643,273340
Sr_r_Emar,CTA,L,664,273340
Sr_r_Emar,CTG,L,4683,273340
Sr_r_Emar,AAA,K,11680,273340
Sr_r_Emar,AAG,K,7021,273340
Sr_r_Emar,TTT,F,7711,273340
Sr_r_Emar,TTC,F,3648,273340
Sr_r_Emar,CCT,P,1629,273340
Sr_r_Emar,CCC,P,1499,273340
Sr_r_Emar,CCA,P,3456,273340
Sr_r_Emar,CCG,P,3993,273340
Sr_r_Emar,TCT,S,2785,273340
Sr_r_Emar,TCC,S,1680,273340
Sr_r_Emar,TCA,S,1943,273340
Sr_r_Emar,TCG,S,5633,273340
Sr_r_Emar,AGT,S,2656,273340
Sr_r_Emar,AGC,S,2767,273340
Sr_r_Emar,ACT,T,2815,273340
Sr_r_Emar,ACC,T,3651,273340
Sr_r_Emar,ACA,T,2925,273340
Sr_r_Emar,ACG,T,5000,273340
Sr_r_Emar,TGG,W,3320,273340
Sr_r_Emar,TAT,Y,5940,273340
Sr_r_Emar,TAC,Y,3534,273340
Sr_r_Emar,GTT,V,2081,273340
Sr_r_Emar,GTC,V,4158,273340
Sr_r_Emar,GTA,V,1724,273340
Sr_r_Emar,GTG,V,10516,273340
Sr_r_Nn01,GCT,A,3707,323172
Sr_r_Nn01,GCC,A,2947,323172
Sr_r_Nn01,GCA,A,9455,323172
Sr_r_Nn01,GCG,A,5238,323172
Sr_r_Nn01,CGT,R,3161,323172
Sr_r_Nn01,CGC,R,2244,323172
Sr_r_Nn01,CGG,R,1007,323172
Sr_r_Nn01,CGA,R,3866,323172
Sr_r_Nn01,AGA,R,3226,323172
Sr_r_Nn01,AGG,R,1287,323172
Sr_r_Nn01,AAT,N,11549,323172
Sr_r_Nn01,AAC,N,4662,323172
Sr_r_Nn01,GAT,D,15340,323172
Sr_r_Nn01,GAC,D,4320,323172
Sr_r_Nn01,TGT,C,4357,323172
Sr_r_Nn01,TGC,C,2284,323172
Sr_r_Nn01,CAA,Q,9773,323172
Sr_r_Nn01,CAG,Q,2747,323172
Sr_r_Nn01,GAA,E,12288,323172
Sr_r_Nn01,GAG,E,6145,323172
Sr_r_Nn01,GGT,G,6800,323172
Sr_r_Nn01,GGC,G,4777,323172
Sr_r_Nn01,GGA,G,8085,323172
Sr_r_Nn01,GGG,G,1837,323172
Sr_r_Nn01,CAT,H,6041,323172
Sr_r_Nn01,CAC,H,2399,323172
Sr_r_Nn01,ATT,I,11045,323172
Sr_r_Nn01,ATC,I,6833,323172
Sr_r_Nn01,ATA,I,4836,323172
Sr_r_Nn01,ATG,M,8589,323172
Sr_r_Nn01,TTA,L,8898,323172
Sr_r_Nn01,TTG,L,11622,323172
Sr_r_Nn01,CTT,L,1632,323172
Sr_r_Nn01,CTC,L,1790,323172
Sr_r_Nn01,CTA,L,1551,323172
Sr_r_Nn01,CTG,L,2059,323172
Sr_r_Nn01,AAA,K,15024,323172
Sr_r_Nn01,AAG,K,7872,323172
Sr_r_Nn01,TTT,F,9189,323172
Sr_r_Nn01,TTC,F,4621,323172
Sr_r_Nn01,CCT,P,3018,323172
Sr_r_Nn01,CCC,P,1480,323172
Sr_r_Nn01,CCA,P,6326,323172
Sr_r_Nn01,CCG,P,1868,323172
Sr_r_Nn01,TCT,S,3528,323172
Sr_r_Nn01,TCC,S,3385,323172
Sr_r_Nn01,TCA,S,5080,323172
Sr_r_Nn01,TCG,S,3569,323172
Sr_r_Nn01,AGT,S,3470,323172
Sr_r_Nn01,AGC,S,1931,323172
Sr_r_Nn01,ACT,T,3478,323172
Sr_r_Nn01,ACC,T,3773,323172
Sr_r_Nn01,ACA,T,6699,323172
Sr_r_Nn01,ACG,T,3476,323172
Sr_r_Nn01,TGG,W,4321,323172
Sr_r_Nn01,TAT,Y,8962,323172
Sr_r_Nn01,TAC,Y,3277,323172
Sr_r_Nn01,GTT,V,4056,323172
Sr_r_Nn01,GTC,V,3761,323172
Sr_r_Nn01,GTA,V,3496,323172
Sr_r_Nn01,GTG,V,9115,323172
Sr_r_Nn10,GCT,A,3980,341391
Sr_r_Nn10,GCC,A,3145,341391
Sr_r_Nn10,GCA,A,10095,341391
Sr_r_Nn10,GCG,A,5691,341391
Sr_r_Nn10,CGT,R,3382,341391
Sr_r_Nn10,CGC,R,2409,341391
Sr_r_Nn10,CGG,R,1049,341391
Sr_r_Nn10,CGA,R,4058,341391
Sr_r_Nn10,AGA,R,3412,341391
Sr_r_Nn10,AGG,R,1339,341391
Sr_r_Nn10,AAT,N,12191,341391
Sr_r_Nn10,AAC,N,4824,341391
Sr_r_Nn10,GAT,D,16189,341391
Sr_r_Nn10,GAC,D,4520,341391
Sr_r_Nn10,TGT,C,4568,341391
Sr_r_Nn10,TGC,C,2286,341391
Sr_r_Nn10,CAA,Q,10278,341391
Sr_r_Nn10,CAG,Q,2917,341391
Sr_r_Nn10,GAA,E,12864,341391
Sr_r_Nn10,GAG,E,6329,341391
Sr_r_Nn10,GGT,G,7356,341391
Sr_r_Nn10,GGC,G,5173,341391
Sr_r_Nn10,GGA,G,8644,341391
Sr_r_Nn10,GGG,G,1931,341391
Sr_r_Nn10,CAT,H,6325,341391
Sr_r_Nn10,CAC,H,2448,341391
Sr_r_Nn10,ATT,I,11735,341391
Sr_r_Nn10,ATC,I,7239,341391
Sr_r_Nn10,ATA,I,5016,341391
Sr_r_Nn10,ATG,M,8928,341391
Sr_r_Nn10,TTA,L,9544,341391
Sr_r_Nn10,TTG,L,12398,341391
Sr_r_Nn10,CTT,L,1657,341391
Sr_r_Nn10,CTC,L,1858,341391
Sr_r_Nn10,CTA,L,1616,341391
Sr_r_Nn10,CTG,L,2179,341391
Sr_r_Nn10,AAA,K,15862,341391
Sr_r_Nn10,AAG,K,8475,341391
Sr_r_Nn10,TTT,F,9605,341391
Sr_r_Nn10,TTC,F,4833,341391
Sr_r_Nn10,CCT,P,3176,341391
Sr_r_Nn10,CCC,P,1587,341391
Sr_r_Nn10,CCA,P,6675,341391
Sr_r_Nn10,CCG,P,1916,341391
Sr_r_Nn10,TCT,S,3687,341391
Sr_r_Nn10,TCC,S,3583,341391
Sr_r_Nn10,TCA,S,5306,341391
Sr_r_Nn10,TCG,S,3744,341391
Sr_r_Nn10,AGT,S,3661,341391
Sr_r_Nn10,AGC,S,2008,341391
Sr_r_Nn10,ACT,T,3673,341391
Sr_r_Nn10,ACC,T,4034,341391
Sr_r_Nn10,ACA,T,7028,341391
Sr_r_Nn10,ACG,T,3669,341391
Sr_r_Nn10,TGG,W,4504,341391
Sr_r_Nn10,TAT,Y,9473,341391
Sr_r_Nn10,TAC,Y,3509,341391
Sr_r_Nn10,GTT,V,4386,341391
Sr_r_Nn10,GTC,V,4049,341391
Sr_r_Nn10,GTA,V,3676,341391
Sr_r_Nn10,GTG,V,9699,341391
Sr_r_Nn02,GCT,A,3567,313579
Sr_r_Nn02,GCC,A,2897,313579
Sr_r_Nn02,GCA,A,9197,313579
Sr_r_Nn02,GCG,A,5156,313579
Sr_r_Nn02,CGT,R,3138,313579
Sr_r_Nn02,CGC,R,2215,313579
Sr_r_Nn02,CGG,R,988,313579
Sr_r_Nn02,CGA,R,3772,313579
Sr_r_Nn02,AGA,R,3196,313579
Sr_r_Nn02,AGG,R,1239,313579
Sr_r_Nn02,AAT,N,11059,313579
Sr_r_Nn02,AAC,N,4494,313579
Sr_r_Nn02,GAT,D,14999,313579
Sr_r_Nn02,GAC,D,4209,313579
Sr_r_Nn02,TGT,C,4287,313579
Sr_r_Nn02,TGC,C,2118,313579
Sr_r_Nn02,CAA,Q,9398,313579
Sr_r_Nn02,CAG,Q,2701,313579
Sr_r_Nn02,GAA,E,12016,313579
Sr_r_Nn02,GAG,E,6082,313579
Sr_r_Nn02,GGT,G,6648,313579
Sr_r_Nn02,GGC,G,4693,313579
Sr_r_Nn02,GGA,G,7902,313579
Sr_r_Nn02,GGG,G,1775,313579
Sr_r_Nn02,CAT,H,5834,313579
Sr_r_Nn02,CAC,H,2331,313579
Sr_r_Nn02,ATT,I,10606,313579
Sr_r_Nn02,ATC,I,6649,313579
Sr_r_Nn02,ATA,I,4549,313579
Sr_r_Nn02,ATG,M,8223,313579
Sr_r_Nn02,TTA,L,8591,313579
Sr_r_Nn02,TTG,L,11356,313579
Sr_r_Nn02,CTT,L,1562,313579
Sr_r_Nn02,CTC,L,1704,313579
Sr_r_Nn02,CTA,L,1467,313579
Sr_r_Nn02,CTG,L,1938,313579
Sr_r_Nn02,AAA,K,14651,313579
Sr_r_Nn02,AAG,K,7918,313579
Sr_r_Nn02,TTT,F,8705,313579
Sr_r_Nn02,TTC,F,4462,313579
Sr_r_Nn02,CCT,P,2934,313579
Sr_r_Nn02,CCC,P,1444,313579
Sr_r_Nn02,CCA,P,6199,313579
Sr_r_Nn02,CCG,P,1776,313579
Sr_r_Nn02,TCT,S,3337,313579
Sr_r_Nn02,TCC,S,3244,313579
Sr_r_Nn02,TCA,S,4905,313579
Sr_r_Nn02,TCG,S,3442,313579
Sr_r_Nn02,AGT,S,3333,313579
Sr_r_Nn02,AGC,S,1861,313579
Sr_r_Nn02,ACT,T,3384,313579
Sr_r_Nn02,ACC,T,3721,313579
Sr_r_Nn02,ACA,T,6493,313579
Sr_r_Nn02,ACG,T,3302,313579
Sr_r_Nn02,TGG,W,4201,313579
Sr_r_Nn02,TAT,Y,8562,313579
Sr_r_Nn02,TAC,Y,3203,313579
Sr_r_Nn02,GTT,V,3934,313579
Sr_r_Nn02,GTC,V,3772,313579
Sr_r_Nn02,GTA,V,3322,313579
Sr_r_Nn02,GTG,V,8918,313579
Sr_r_Ssp1,GCT,A,5247,250360
Sr_r_Ssp1,GCC,A,542,250360
Sr_r_Ssp1,GCA,A,8328,250360
Sr_r_Ssp1,GCG,A,744,250360
Sr_r_Ssp1,CGT,R,2572,250360
Sr_r_Ssp1,CGC,R,246,250360
Sr_r_Ssp1,CGG,R,238,250360
Sr_r_Ssp1,CGA,R,2727,250360
Sr_r_Ssp1,AGA,R,4447,250360
Sr_r_Ssp1,AGG,R,238,250360
Sr_r_Ssp1,AAT,N,14014,250360
Sr_r_Ssp1,AAC,N,1224,250360
Sr_r_Ssp1,GAT,D,14277,250360
Sr_r_Ssp1,GAC,D,970,250360
Sr_r_Ssp1,TGT,C,4265,250360
Sr_r_Ssp1,TGC,C,538,250360
Sr_r_Ssp1,CAA,Q,8115,250360
Sr_r_Ssp1,CAG,Q,695,250360
Sr_r_Ssp1,GAA,E,12590,250360
Sr_r_Ssp1,GAG,E,1568,250360
Sr_r_Ssp1,GGT,G,7990,250360
Sr_r_Ssp1,GGC,G,573,250360
Sr_r_Ssp1,GGA,G,7905,250360
Sr_r_Ssp1,GGG,G,638,250360
Sr_r_Ssp1,CAT,H,5380,250360
Sr_r_Ssp1,CAC,H,529,250360
Sr_r_Ssp1,ATT,I,10166,250360
Sr_r_Ssp1,ATC,I,1801,250360
Sr_r_Ssp1,ATA,I,7405,250360
Sr_r_Ssp1,ATG,M,6280,250360
Sr_r_Ssp1,TTA,L,16237,250360
Sr_r_Ssp1,TTG,L,2235,250360
Sr_r_Ssp1,CTT,L,1053,250360
Sr_r_Ssp1,CTC,L,281,250360
Sr_r_Ssp1,CTA,L,905,250360
Sr_r_Ssp1,CTG,L,224,250360
Sr_r_Ssp1,AAA,K,18265,250360
Sr_r_Ssp1,AAG,K,1552,250360
Sr_r_Ssp1,TTT,F,9064,250360
Sr_r_Ssp1,TTC,F,1326,250360
Sr_r_Ssp1,CCT,P,2261,250360
Sr_r_Ssp1,CCC,P,238,250360
Sr_r_Ssp1,CCA,P,6824,250360
Sr_r_Ssp1,CCG,P,582,250360
Sr_r_Ssp1,TCT,S,3783,250360
Sr_r_Ssp1,TCC,S,973,250360
Sr_r_Ssp1,TCA,S,8335,250360
Sr_r_Ssp1,TCG,S,754,250360
Sr_r_Ssp1,AGT,S,2835,250360
Sr_r_Ssp1,AGC,S,345,250360
Sr_r_Ssp1,ACT,T,4267,250360
Sr_r_Ssp1,ACC,T,883,250360
Sr_r_Ssp1,ACA,T,7194,250360
Sr_r_Ssp1,ACG,T,602,250360
Sr_r_Ssp1,TGG,W,3306,250360
Sr_r_Ssp1,TAT,Y,8813,250360
Sr_r_Ssp1,TAC,Y,831,250360
Sr_r_Ssp1,GTT,V,7234,250360
Sr_r_Ssp1,GTC,V,973,250360
Sr_r_Ssp1,GTA,V,4884,250360
Sr_r_Ssp1,GTG,V,1049,250360
Sr_r_Tx01,GCT,A,4007,276127
Sr_r_Tx01,GCC,A,4288,276127
Sr_r_Tx01,GCA,A,5425,276127
Sr_r_Tx01,GCG,A,5660,276127
Sr_r_Tx01,CGT,R,3075,276127
Sr_r_Tx01,CGC,R,2043,276127
Sr_r_Tx01,CGG,R,1676,276127
Sr_r_Tx01,CGA,R,3698,276127
Sr_r_Tx01,AGA,R,1980,276127
Sr_r_Tx01,AGG,R,482,276127
Sr_r_Tx01,AAT,N,11644,276127
Sr_r_Tx01,AAC,N,4560,276127
Sr_r_Tx01,GAT,D,11054,276127
Sr_r_Tx01,GAC,D,4220,276127
Sr_r_Tx01,TGT,C,3938,276127
Sr_r_Tx01,TGC,C,1720,276127
Sr_r_Tx01,CAA,Q,8324,276127
Sr_r_Tx01,CAG,Q,3945,276127
Sr_r_Tx01,GAA,E,9000,276127
Sr_r_Tx01,GAG,E,6615,276127
Sr_r_Tx01,GGT,G,6190,276127
Sr_r_Tx01,GGC,G,5476,276127
Sr_r_Tx01,GGA,G,4320,276127
Sr_r_Tx01,GGG,G,1897,276127
Sr_r_Tx01,CAT,H,5494,276127
Sr_r_Tx01,CAC,H,1578,276127
Sr_r_Tx01,ATT,I,10109,276127
Sr_r_Tx01,ATC,I,5925,276127
Sr_r_Tx01,ATA,I,2508,276127
Sr_r_Tx01,ATG,M,6974,276127
Sr_r_Tx01,TTA,L,8735,276127
Sr_r_Tx01,TTG,L,9544,276127
Sr_r_Tx01,CTT,L,772,276127
Sr_r_Tx01,CTC,L,1879,276127
Sr_r_Tx01,CTA,L,1074,276127
Sr_r_Tx01,CTG,L,2277,276127
Sr_r_Tx01,AAA,K,13205,276127
Sr_r_Tx01,AAG,K,4754,276127
Sr_r_Tx01,TTT,F,7330,276127
Sr_r_Tx01,TTC,F,4558,276127
Sr_r_Tx01,CCT,P,1583,276127
Sr_r_Tx01,CCC,P,1397,276127
Sr_r_Tx01,CCA,P,4673,276127
Sr_r_Tx01,CCG,P,2609,276127
Sr_r_Tx01,TCT,S,3321,276127
Sr_r_Tx01,TCC,S,2456,276127
Sr_r_Tx01,TCA,S,4340,276127
Sr_r_Tx01,TCG,S,2785,276127
Sr_r_Tx01,AGT,S,4976,276127
Sr_r_Tx01,AGC,S,1608,276127
Sr_r_Tx01,ACT,T,6541,276127
Sr_r_Tx01,ACC,T,2710,276127
Sr_r_Tx01,ACA,T,3438,276127
Sr_r_Tx01,ACG,T,2156,276127
Sr_r_Tx01,TGG,W,3407,276127
Sr_r_Tx01,TAT,Y,7764,276127
Sr_r_Tx01,TAC,Y,1750,276127
Sr_r_Tx01,GTT,V,2669,276127
Sr_r_Tx01,GTC,V,4177,276127
Sr_r_Tx01,GTA,V,2187,276127
Sr_r_Tx01,GTG,V,7627,276127
Sr_r_Ti02,GCT,A,898,38426
Sr_r_Ti02,GCC,A,72,38426
Sr_r_Ti02,GCA,A,1480,38426
Sr_r_Ti02,GCG,A,94,38426
Sr_r_Ti02,CGT,R,661,38426
Sr_r_Ti02,CGC,R,17,38426
Sr_r_Ti02,CGG,R,21,38426
Sr_r_Ti02,CGA,R,523,38426
Sr_r_Ti02,AGA,R,816,38426
Sr_r_Ti02,AGG,R,16,38426
Sr_r_Ti02,AAT,N,1919,38426
Sr_r_Ti02,AAC,N,66,38426
Sr_r_Ti02,GAT,D,2300,38426
Sr_r_Ti02,GAC,D,48,38426
Sr_r_Ti02,TGT,C,651,38426
Sr_r_Ti02,TGC,C,37,38426
Sr_r_Ti02,CAA,Q,1481,38426
Sr_r_Ti02,CAG,Q,58,38426
Sr_r_Ti02,GAA,E,2129,38426
Sr_r_Ti02,GAG,E,248,38426
Sr_r_Ti02,GGT,G,1539,38426
Sr_r_Ti02,GGC,G,63,38426
Sr_r_Ti02,GGA,G,990,38426
Sr_r_Ti02,GGG,G,43,38426
Sr_r_Ti02,CAT,H,833,38426
Sr_r_Ti02,CAC,H,30,38426
Sr_r_Ti02,ATT,I,1761,38426
Sr_r_Ti02,ATC,I,124,38426
Sr_r_Ti02,ATA,I,957,38426
Sr_r_Ti02,ATG,M,957,38426
Sr_r_Ti02,TTA,L,2728,38426
Sr_r_Ti02,TTG,L,182,38426
Sr_r_Ti02,CTT,L,131,38426
Sr_r_Ti02,CTC,L,10,38426
Sr_r_Ti02,CTA,L,51,38426
Sr_r_Ti02,CTG,L,9,38426
Sr_r_Ti02,AAA,K,3245,38426
Sr_r_Ti02,AAG,K,249,38426
Sr_r_Ti02,TTT,F,1337,38426
Sr_r_Ti02,TTC,F,97,38426
Sr_r_Ti02,CCT,P,438,38426
Sr_r_Ti02,CCC,P,20,38426
Sr_r_Ti02,CCA,P,981,38426
Sr_r_Ti02,CCG,P,34,38426
Sr_r_Ti02,TCT,S,476,38426
Sr_r_Ti02,TCC,S,95,38426
Sr_r_Ti02,TCA,S,1067,38426
Sr_r_Ti02,TCG,S,90,38426
Sr_r_Ti02,AGT,S,359,38426
Sr_r_Ti02,AGC,S,20,38426
Sr_r_Ti02,ACT,T,692,38426
Sr_r_Ti02,ACC,T,102,38426
Sr_r_Ti02,ACA,T,1077,38426
Sr_r_Ti02,ACG,T,69,38426
Sr_r_Ti02,TGG,W,468,38426
Sr_r_Ti02,TAT,Y,1210,38426
Sr_r_Ti02,TAC,Y,44,38426
Sr_r_Ti02,GTT,V,1011,38426
Sr_r_Ti02,GTC,V,64,38426
Sr_r_Ti02,GTA,V,1053,38426
Sr_r_Ti02,GTG,V,185,38426
Sr_r_Mf02,GCT,A,2479,138139
Sr_r_Mf02,GCC,A,279,138139
Sr_r_Mf02,GCA,A,4968,138139
Sr_r_Mf02,GCG,A,376,138139
Sr_r_Mf02,CGT,R,919,138139
Sr_r_Mf02,CGC,R,39,138139
Sr_r_Mf02,CGG,R,47,138139
Sr_r_Mf02,CGA,R,759,138139
Sr_r_Mf02,AGA,R,4037,138139
Sr_r_Mf02,AGG,R,244,138139
Sr_r_Mf02,AAT,N,6634,138139
Sr_r_Mf02,AAC,N,764,138139
Sr_r_Mf02,GAT,D,7840,138139
Sr_r_Mf02,GAC,D,635,138139
Sr_r_Mf02,TGT,C,2402,138139
Sr_r_Mf02,TGC,C,323,138139
Sr_r_Mf02,CAA,Q,4295,138139
Sr_r_Mf02,CAG,Q,340,138139
Sr_r_Mf02,GAA,E,7815,138139
Sr_r_Mf02,GAG,E,690,138139
Sr_r_Mf02,GGT,G,5024,138139
Sr_r_Mf02,GGC,G,327,138139
Sr_r_Mf02,GGA,G,3751,138139
Sr_r_Mf02,GGG,G,473,138139
Sr_r_Mf02,CAT,H,2797,138139
Sr_r_Mf02,CAC,H,287,138139
Sr_r_Mf02,ATT,I,6286,138139
Sr_r_Mf02,ATC,I,731,138139
Sr_r_Mf02,ATA,I,3154,138139
Sr_r_Mf02,ATG,M,3429,138139
Sr_r_Mf02,TTA,L,7590,138139
Sr_r_Mf02,TTG,L,2598,138139
Sr_r_Mf02,CTT,L,932,138139
Sr_r_Mf02,CTC,L,144,138139
Sr_r_Mf02,CTA,L,344,138139
Sr_r_Mf02,CTG,L,179,138139
Sr_r_Mf02,AAA,K,11496,138139
Sr_r_Mf02,AAG,K,1254,138139
Sr_r_Mf02,TTT,F,5369,138139
Sr_r_Mf02,TTC,F,551,138139
Sr_r_Mf02,CCT,P,1411,138139
Sr_r_Mf02,CCC,P,130,138139
Sr_r_Mf02,CCA,P,3421,138139
Sr_r_Mf02,CCG,P,235,138139
Sr_r_Mf02,TCT,S,1747,138139
Sr_r_Mf02,TCC,S,394,138139
Sr_r_Mf02,TCA,S,3347,138139
Sr_r_Mf02,TCG,S,302,138139
Sr_r_Mf02,AGT,S,1834,138139
Sr_r_Mf02,AGC,S,224,138139
Sr_r_Mf02,ACT,T,2101,138139
Sr_r_Mf02,ACC,T,418,138139
Sr_r_Mf02,ACA,T,4014,138139
Sr_r_Mf02,ACG,T,323,138139
Sr_r_Mf02,TGG,W,1757,138139
Sr_r_Mf02,TAT,Y,4642,138139
Sr_r_Mf02,TAC,Y,520,138139
Sr_r_Mf02,GTT,V,4164,138139
Sr_r_Mf02,GTC,V,415,138139
Sr_r_Mf02,GTA,V,2989,138139
Sr_r_Mf02,GTG,V,1150,138139
Sr_r_Mf03,GCT,A,2965,160863
Sr_r_Mf03,GCC,A,381,160863
Sr_r_Mf03,GCA,A,5887,160863
Sr_r_Mf03,GCG,A,492,160863
Sr_r_Mf03,CGT,R,1122,160863
Sr_r_Mf03,CGC,R,50,160863
Sr_r_Mf03,CGG,R,66,160863
Sr_r_Mf03,CGA,R,919,160863
Sr_r_Mf03,AGA,R,4499,160863
Sr_r_Mf03,AGG,R,313,160863
Sr_r_Mf03,AAT,N,7608,160863
Sr_r_Mf03,AAC,N,1039,160863
Sr_r_Mf03,GAT,D,9032,160863
Sr_r_Mf03,GAC,D,780,160863
Sr_r_Mf03,TGT,C,2748,160863
Sr_r_Mf03,TGC,C,391,160863
Sr_r_Mf03,CAA,Q,4976,160863
Sr_r_Mf03,CAG,Q,416,160863
Sr_r_Mf03,GAA,E,8915,160863
Sr_r_Mf03,GAG,E,834,160863
Sr_r_Mf03,GGT,G,5864,160863
Sr_r_Mf03,GGC,G,433,160863
Sr_r_Mf03,GGA,G,4583,160863
Sr_r_Mf03,GGG,G,599,160863
Sr_r_Mf03,CAT,H,3275,160863
Sr_r_Mf03,CAC,H,359,160863
Sr_r_Mf03,ATT,I,7122,160863
Sr_r_Mf03,ATC,I,940,160863
Sr_r_Mf03,ATA,I,3551,160863
Sr_r_Mf03,ATG,M,4005,160863
Sr_r_Mf03,TTA,L,8481,160863
Sr_r_Mf03,TTG,L,3063,160863
Sr_r_Mf03,CTT,L,1108,160863
Sr_r_Mf03,CTC,L,192,160863
Sr_r_Mf03,CTA,L,460,160863
Sr_r_Mf03,CTG,L,228,160863
Sr_r_Mf03,AAA,K,12955,160863
Sr_r_Mf03,AAG,K,1534,160863
Sr_r_Mf03,TTT,F,6206,160863
Sr_r_Mf03,TTC,F,700,160863
Sr_r_Mf03,CCT,P,1756,160863
Sr_r_Mf03,CCC,P,156,160863
Sr_r_Mf03,CCA,P,3930,160863
Sr_r_Mf03,CCG,P,298,160863
Sr_r_Mf03,TCT,S,2111,160863
Sr_r_Mf03,TCC,S,566,160863
Sr_r_Mf03,TCA,S,3821,160863
Sr_r_Mf03,TCG,S,393,160863
Sr_r_Mf03,AGT,S,2114,160863
Sr_r_Mf03,AGC,S,296,160863
Sr_r_Mf03,ACT,T,2462,160863
Sr_r_Mf03,ACC,T,589,160863
Sr_r_Mf03,ACA,T,4690,160863
Sr_r_Mf03,ACG,T,366,160863
Sr_r_Mf03,TGG,W,2077,160863
Sr_r_Mf03,TAT,Y,5300,160863
Sr_r_Mf03,TAC,Y,728,160863
Sr_r_Mf03,GTT,V,4771,160863
Sr_r_Mf03,GTC,V,539,160863
Sr_r_Mf03,GTA,V,3414,160863
Sr_r_Mf03,GTG,V,1395,160863
Sr_r_Ms01,GCT,A,1035,55244
Sr_r_Ms01,GCC,A,106,55244
Sr_r_Ms01,GCA,A,2115,55244
Sr_r_Ms01,GCG,A,147,55244
Sr_r_Ms01,CGT,R,402,55244
Sr_r_Ms01,CGC,R,11,55244
Sr_r_Ms01,CGG,R,23,55244
Sr_r_Ms01,CGA,R,302,55244
Sr_r_Ms01,AGA,R,1795,55244
Sr_r_Ms01,AGG,R,87,55244
Sr_r_Ms01,AAT,N,2591,55244
Sr_r_Ms01,AAC,N,281,55244
Sr_r_Ms01,GAT,D,3250,55244
Sr_r_Ms01,GAC,D,224,55244
Sr_r_Ms01,TGT,C,878,55244
Sr_r_Ms01,TGC,C,109,55244
Sr_r_Ms01,CAA,Q,1800,55244
Sr_r_Ms01,CAG,Q,133,55244
Sr_r_Ms01,GAA,E,3272,55244
Sr_r_Ms01,GAG,E,264,55244
Sr_r_Ms01,GGT,G,2020,55244
Sr_r_Ms01,GGC,G,132,55244
Sr_r_Ms01,GGA,G,1486,55244
Sr_r_Ms01,GGG,G,201,55244
Sr_r_Ms01,CAT,H,1069,55244
Sr_r_Ms01,CAC,H,93,55244
Sr_r_Ms01,ATT,I,2468,55244
Sr_r_Ms01,ATC,I,272,55244
Sr_r_Ms01,ATA,I,1202,55244
Sr_r_Ms01,ATG,M,1371,55244
Sr_r_Ms01,TTA,L,3080,55244
Sr_r_Ms01,TTG,L,973,55244
Sr_r_Ms01,CTT,L,387,55244
Sr_r_Ms01,CTC,L,55,55244
Sr_r_Ms01,CTA,L,130,55244
Sr_r_Ms01,CTG,L,55,55244
Sr_r_Ms01,AAA,K,4935,55244
Sr_r_Ms01,AAG,K,523,55244
Sr_r_Ms01,TTT,F,1981,55244
Sr_r_Ms01,TTC,F,237,55244
Sr_r_Ms01,CCT,P,562,55244
Sr_r_Ms01,CCC,P,46,55244
Sr_r_Ms01,CCA,P,1253,55244
Sr_r_Ms01,CCG,P,97,55244
Sr_r_Ms01,TCT,S,654,55244
Sr_r_Ms01,TCC,S,150,55244
Sr_r_Ms01,TCA,S,1292,55244
Sr_r_Ms01,TCG,S,119,55244
Sr_r_Ms01,AGT,S,712,55244
Sr_r_Ms01,AGC,S,81,55244
Sr_r_Ms01,ACT,T,842,55244
Sr_r_Ms01,ACC,T,173,55244
Sr_r_Ms01,ACA,T,1577,55244
Sr_r_Ms01,ACG,T,110,55244
Sr_r_Ms01,TGG,W,642,55244
Sr_r_Ms01,TAT,Y,1704,55244
Sr_r_Ms01,TAC,Y,188,55244
Sr_r_Ms01,GTT,V,1699,55244
Sr_r_Ms01,GTC,V,173,55244
Sr_r_Ms01,GTA,V,1241,55244
Sr_r_Ms01,GTG,V,434,55244
Sr_r_Mf01,GCT,A,3086,179591
Sr_r_Mf01,GCC,A,447,179591
Sr_r_Mf01,GCA,A,6603,179591
Sr_r_Mf01,GCG,A,636,179591
Sr_r_Mf01,CGT,R,1381,179591
Sr_r_Mf01,CGC,R,87,179591
Sr_r_Mf01,CGG,R,95,179591
Sr_r_Mf01,CGA,R,1037,179591
Sr_r_Mf01,AGA,R,4753,179591
Sr_r_Mf01,AGG,R,305,179591
Sr_r_Mf01,AAT,N,8297,179591
Sr_r_Mf01,AAC,N,1276,179591
Sr_r_Mf01,GAT,D,9729,179591
Sr_r_Mf01,GAC,D,1077,179591
Sr_r_Mf01,TGT,C,3035,179591
Sr_r_Mf01,TGC,C,529,179591
Sr_r_Mf01,CAA,Q,5581,179591
Sr_r_Mf01,CAG,Q,533,179591
Sr_r_Mf01,GAA,E,10049,179591
Sr_r_Mf01,GAG,E,950,179591
Sr_r_Mf01,GGT,G,6633,179591
Sr_r_Mf01,GGC,G,623,179591
Sr_r_Mf01,GGA,G,4853,179591
Sr_r_Mf01,GGG,G,638,179591
Sr_r_Mf01,CAT,H,3481,179591
Sr_r_Mf01,CAC,H,511,179591
Sr_r_Mf01,ATT,I,7812,179591
Sr_r_Mf01,ATC,I,1081,179591
Sr_r_Mf01,ATA,I,4051,179591
Sr_r_Mf01,ATG,M,4489,179591
Sr_r_Mf01,TTA,L,9416,179591
Sr_r_Mf01,TTG,L,3556,179591
Sr_r_Mf01,CTT,L,1309,179591
Sr_r_Mf01,CTC,L,231,179591
Sr_r_Mf01,CTA,L,591,179591
Sr_r_Mf01,CTG,L,267,179591
Sr_r_Mf01,AAA,K,14608,179591
Sr_r_Mf01,AAG,K,1517,179591
Sr_r_Mf01,TTT,F,6873,179591
Sr_r_Mf01,TTC,F,804,179591
Sr_r_Mf01,CCT,P,1846,179591
Sr_r_Mf01,CCC,P,196,179591
Sr_r_Mf01,CCA,P,4428,179591
Sr_r_Mf01,CCG,P,330,179591
Sr_r_Mf01,TCT,S,2557,179591
Sr_r_Mf01,TCC,S,734,179591
Sr_r_Mf01,TCA,S,4328,179591
Sr_r_Mf01,TCG,S,553,179591
Sr_r_Mf01,AGT,S,2189,179591
Sr_r_Mf01,AGC,S,344,179591
Sr_r_Mf01,ACT,T,2745,179591
Sr_r_Mf01,ACC,T,798,179591
Sr_r_Mf01,ACA,T,5251,179591
Sr_r_Mf01,ACG,T,446,179591
Sr_r_Mf01,TGG,W,2240,179591
Sr_r_Mf01,TAT,Y,5656,179591
Sr_r_Mf01,TAC,Y,914,179591
Sr_r_Mf01,GTT,V,5214,179591
Sr_r_Mf01,GTC,V,652,179591
Sr_r_Mf01,GTA,V,3709,179591
Sr_r_Mf01,GTG,V,1631,179591
Sr_r_Qj01,GCT,A,3992,192982
Sr_r_Qj01,GCC,A,98,192982
Sr_r_Qj01,GCA,A,6709,192982
Sr_r_Qj01,GCG,A,105,192982
Sr_r_Qj01,CGT,R,2042,192982
Sr_r_Qj01,CGC,R,36,192982
Sr_r_Qj01,CGG,R,19,192982
Sr_r_Qj01,CGA,R,643,192982
Sr_r_Qj01,AGA,R,4789,192982
Sr_r_Qj01,AGG,R,159,192982
Sr_r_Qj01,AAT,N,11913,192982
Sr_r_Qj01,AAC,N,782,192982
Sr_r_Qj01,GAT,D,10773,192982
Sr_r_Qj01,GAC,D,529,192982
Sr_r_Qj01,TGT,C,3780,192982
Sr_r_Qj01,TGC,C,152,192982
Sr_r_Qj01,CAA,Q,6198,192982
Sr_r_Qj01,CAG,Q,146,192982
Sr_r_Qj01,GAA,E,10060,192982
Sr_r_Qj01,GAG,E,817,192982
Sr_r_Qj01,GGT,G,8987,192982
Sr_r_Qj01,GGC,G,273,192982
Sr_r_Qj01,GGA,G,4099,192982
Sr_r_Qj01,GGG,G,158,192982
Sr_r_Qj01,CAT,H,3671,192982
Sr_r_Qj01,CAC,H,167,192982
Sr_r_Qj01,ATT,I,8730,192982
Sr_r_Qj01,ATC,I,436,192982
Sr_r_Qj01,ATA,I,6830,192982
Sr_r_Qj01,ATG,M,4809,192982
Sr_r_Qj01,TTA,L,14186,192982
Sr_r_Qj01,TTG,L,1245,192982
Sr_r_Qj01,CTT,L,542,192982
Sr_r_Qj01,CTC,L,55,192982
Sr_r_Qj01,CTA,L,236,192982
Sr_r_Qj01,CTG,L,37,192982
Sr_r_Qj01,AAA,K,16440,192982
Sr_r_Qj01,AAG,K,980,192982
Sr_r_Qj01,TTT,F,7648,192982
Sr_r_Qj01,TTC,F,482,192982
Sr_r_Qj01,CCT,P,1842,192982
Sr_r_Qj01,CCC,P,44,192982
Sr_r_Qj01,CCA,P,4930,192982
Sr_r_Qj01,CCG,P,93,192982
Sr_r_Qj01,TCT,S,1996,192982
Sr_r_Qj01,TCC,S,139,192982
Sr_r_Qj01,TCA,S,5871,192982
Sr_r_Qj01,TCG,S,65,192982
Sr_r_Qj01,AGT,S,3138,192982
Sr_r_Qj01,AGC,S,95,192982
Sr_r_Qj01,ACT,T,3449,192982
Sr_r_Qj01,ACC,T,190,192982
Sr_r_Qj01,ACA,T,6065,192982
Sr_r_Qj01,ACG,T,67,192982
Sr_r_Qj01,TGG,W,2420,192982
Sr_r_Qj01,TAT,Y,7377,192982
Sr_r_Qj01,TAC,Y,329,192982
Sr_r_Qj01,GTT,V,6077,192982
Sr_r_Qj01,GTC,V,242,192982
Sr_r_Qj01,GTA,V,4337,192982
Sr_r_Qj01,GTG,V,463,192982
Sr_r_Tr01,GCT,A,3208,170088
Sr_r_Tr01,GCC,A,234,170088
Sr_r_Tr01,GCA,A,5810,170088
Sr_r_Tr01,GCG,A,235,170088
Sr_r_Tr01,CGT,R,1724,170088
Sr_r_Tr01,CGC,R,42,170088
Sr_r_Tr01,CGG,R,18,170088
Sr_r_Tr01,CGA,R,871,170088
Sr_r_Tr01,AGA,R,4054,170088
Sr_r_Tr01,AGG,R,182,170088
Sr_r_Tr01,AAT,N,10266,170088
Sr_r_Tr01,AAC,N,907,170088
Sr_r_Tr01,GAT,D,9657,170088
Sr_r_Tr01,GAC,D,732,170088
Sr_r_Tr01,TGT,C,3163,170088
Sr_r_Tr01,TGC,C,232,170088
Sr_r_Tr01,CAA,Q,5317,170088
Sr_r_Tr01,CAG,Q,211,170088
Sr_r_Tr01,GAA,E,8744,170088
Sr_r_Tr01,GAG,E,1291,170088
Sr_r_Tr01,GGT,G,6849,170088
Sr_r_Tr01,GGC,G,529,170088
Sr_r_Tr01,GGA,G,4126,170088
Sr_r_Tr01,GGG,G,194,170088
Sr_r_Tr01,CAT,H,3224,170088
Sr_r_Tr01,CAC,H,177,170088
Sr_r_Tr01,ATT,I,7371,170088
Sr_r_Tr01,ATC,I,669,170088
Sr_r_Tr01,ATA,I,5780,170088
Sr_r_Tr01,ATG,M,4265,170088
Sr_r_Tr01,TTA,L,11149,170088
Sr_r_Tr01,TTG,L,2019,170088
Sr_r_Tr01,CTT,L,446,170088
Sr_r_Tr01,CTC,L,84,170088
Sr_r_Tr01,CTA,L,252,170088
Sr_r_Tr01,CTG,L,45,170088
Sr_r_Tr01,AAA,K,14374,170088
Sr_r_Tr01,AAG,K,1397,170088
Sr_r_Tr01,TTT,F,6472,170088
Sr_r_Tr01,TTC,F,690,170088
Sr_r_Tr01,CCT,P,1522,170088
Sr_r_Tr01,CCC,P,55,170088
Sr_r_Tr01,CCA,P,4356,170088
Sr_r_Tr01,CCG,P,153,170088
Sr_r_Tr01,TCT,S,1576,170088
Sr_r_Tr01,TCC,S,300,170088
Sr_r_Tr01,TCA,S,5020,170088
Sr_r_Tr01,TCG,S,207,170088
Sr_r_Tr01,AGT,S,2753,170088
Sr_r_Tr01,AGC,S,129,170088
Sr_r_Tr01,ACT,T,2689,170088
Sr_r_Tr01,ACC,T,430,170088
Sr_r_Tr01,ACA,T,5194,170088
Sr_r_Tr01,ACG,T,162,170088
Sr_r_Tr01,TGG,W,2065,170088
Sr_r_Tr01,TAT,Y,6426,170088
Sr_r_Tr01,TAC,Y,338,170088
Sr_r_Tr01,GTT,V,4873,170088
Sr_r_Tr01,GTC,V,435,170088
Sr_r_Tr01,GTA,V,3375,170088
Sr_r_Tr01,GTG,V,1020,170088
Sr_r_QjpA,GCT,A,4007,207058
Sr_r_QjpA,GCC,A,102,207058
Sr_r_QjpA,GCA,A,7145,207058
Sr_r_QjpA,GCG,A,117,207058
Sr_r_QjpA,CGT,R,2260,207058
Sr_r_QjpA,CGC,R,22,207058
Sr_r_QjpA,CGG,R,21,207058
Sr_r_QjpA,CGA,R,736,207058
Sr_r_QjpA,AGA,R,5013,207058
Sr_r_QjpA,AGG,R,189,207058
Sr_r_QjpA,AAT,N,13281,207058
Sr_r_QjpA,AAC,N,891,207058
Sr_r_QjpA,GAT,D,11679,207058
Sr_r_QjpA,GAC,D,531,207058
Sr_r_QjpA,TGT,C,3965,207058
Sr_r_QjpA,TGC,C,135,207058
Sr_r_QjpA,CAA,Q,6556,207058
Sr_r_QjpA,CAG,Q,144,207058
Sr_r_QjpA,GAA,E,10798,207058
Sr_r_QjpA,GAG,E,873,207058
Sr_r_QjpA,GGT,G,9412,207058
Sr_r_QjpA,GGC,G,276,207058
Sr_r_QjpA,GGA,G,4414,207058
Sr_r_QjpA,GGG,G,137,207058
Sr_r_QjpA,CAT,H,3813,207058
Sr_r_QjpA,CAC,H,166,207058
Sr_r_QjpA,ATT,I,9907,207058
Sr_r_QjpA,ATC,I,484,207058
Sr_r_QjpA,ATA,I,7084,207058
Sr_r_QjpA,ATG,M,5161,207058
Sr_r_QjpA,TTA,L,15422,207058
Sr_r_QjpA,TTG,L,1200,207058
Sr_r_QjpA,CTT,L,588,207058
Sr_r_QjpA,CTC,L,65,207058
Sr_r_QjpA,CTA,L,222,207058
Sr_r_QjpA,CTG,L,41,207058
Sr_r_QjpA,AAA,K,18044,207058
Sr_r_QjpA,AAG,K,892,207058
Sr_r_QjpA,TTT,F,8356,207058
Sr_r_QjpA,TTC,F,461,207058
Sr_r_QjpA,CCT,P,1974,207058
Sr_r_QjpA,CCC,P,48,207058
Sr_r_QjpA,CCA,P,5286,207058
Sr_r_QjpA,CCG,P,63,207058
Sr_r_QjpA,TCT,S,2095,207058
Sr_r_QjpA,TCC,S,192,207058
Sr_r_QjpA,TCA,S,6532,207058
Sr_r_QjpA,TCG,S,73,207058
Sr_r_QjpA,AGT,S,3267,207058
Sr_r_QjpA,AGC,S,118,207058
Sr_r_QjpA,ACT,T,3471,207058
Sr_r_QjpA,ACC,T,248,207058
Sr_r_QjpA,ACA,T,6611,207058
Sr_r_QjpA,ACG,T,89,207058
Sr_r_QjpA,TGG,W,2493,207058
Sr_r_QjpA,TAT,Y,7955,207058
Sr_r_QjpA,TAC,Y,335,207058
Sr_r_QjpA,GTT,V,6391,207058
Sr_r_QjpA,GTC,V,268,207058
Sr_r_QjpA,GTA,V,4493,207058
Sr_r_QjpA,GTG,V,446,207058
Sr_r_Tr02,GCT,A,4172,236104
Sr_r_Tr02,GCC,A,486,236104
Sr_r_Tr02,GCA,A,7691,236104
Sr_r_Tr02,GCG,A,617,236104
Sr_r_Tr02,CGT,R,2270,236104
Sr_r_Tr02,CGC,R,111,236104
Sr_r_Tr02,CGG,R,86,236104
Sr_r_Tr02,CGA,R,1632,236104
Sr_r_Tr02,AGA,R,4656,236104
Sr_r_Tr02,AGG,R,545,236104
Sr_r_Tr02,AAT,N,13799,236104
Sr_r_Tr02,AAC,N,2124,236104
Sr_r_Tr02,GAT,D,12592,236104
Sr_r_Tr02,GAC,D,1585,236104
Sr_r_Tr02,TGT,C,4296,236104
Sr_r_Tr02,TGC,C,422,236104
Sr_r_Tr02,CAA,Q,7180,236104
Sr_r_Tr02,CAG,Q,367,236104
Sr_r_Tr02,GAA,E,10838,236104
Sr_r_Tr02,GAG,E,2346,236104
Sr_r_Tr02,GGT,G,9059,236104
Sr_r_Tr02,GGC,G,1073,236104
Sr_r_Tr02,GGA,G,5550,236104
Sr_r_Tr02,GGG,G,630,236104
Sr_r_Tr02,CAT,H,4199,236104
Sr_r_Tr02,CAC,H,450,236104
Sr_r_Tr02,ATT,I,10631,236104
Sr_r_Tr02,ATC,I,1545,236104
Sr_r_Tr02,ATA,I,7503,236104
Sr_r_Tr02,ATG,M,5884,236104
Sr_r_Tr02,TTA,L,15052,236104
Sr_r_Tr02,TTG,L,3051,236104
Sr_r_Tr02,CTT,L,833,236104
Sr_r_Tr02,CTC,L,301,236104
Sr_r_Tr02,CTA,L,634,236104
Sr_r_Tr02,CTG,L,78,236104
Sr_r_Tr02,AAA,K,18361,236104
Sr_r_Tr02,AAG,K,2612,236104
Sr_r_Tr02,TTT,F,8800,236104
Sr_r_Tr02,TTC,F,1374,236104
Sr_r_Tr02,CCT,P,2089,236104
Sr_r_Tr02,CCC,P,112,236104
Sr_r_Tr02,CCA,P,6050,236104
Sr_r_Tr02,CCG,P,318,236104
Sr_r_Tr02,TCT,S,1925,236104
Sr_r_Tr02,TCC,S,695,236104
Sr_r_Tr02,TCA,S,6573,236104
Sr_r_Tr02,TCG,S,443,236104
Sr_r_Tr02,AGT,S,4058,236104
Sr_r_Tr02,AGC,S,279,236104
Sr_r_Tr02,ACT,T,3646,236104
Sr_r_Tr02,ACC,T,790,236104
Sr_r_Tr02,ACA,T,7114,236104
Sr_r_Tr02,ACG,T,409,236104
Sr_r_Tr02,TGG,W,2955,236104
Sr_r_Tr02,TAT,Y,8728,236104
Sr_r_Tr02,TAC,Y,899,236104
Sr_r_Tr02,GTT,V,6423,236104
Sr_r_Tr02,GTC,V,810,236104
Sr_r_Tr02,GTA,V,4863,236104
Sr_r_Tr02,GTG,V,1490,236104
Sr_r_Sspa,GCT,A,2997,254951
Sr_r_Sspa,GCC,A,622,254951
Sr_r_Sspa,GCA,A,9446,254951
Sr_r_Sspa,GCG,A,418,254951
Sr_r_Sspa,CGT,R,2235,254951
Sr_r_Sspa,CGC,R,19,254951
Sr_r_Sspa,CGG,R,151,254951
Sr_r_Sspa,CGA,R,1430,254951
Sr_r_Sspa,AGA,R,5281,254951
Sr_r_Sspa,AGG,R,651,254951
Sr_r_Sspa,AAT,N,17655,254951
Sr_r_Sspa,AAC,N,735,254951
Sr_r_Sspa,GAT,D,15366,254951
Sr_r_Sspa,GAC,D,461,254951
Sr_r_Sspa,TGT,C,4693,254951
Sr_r_Sspa,TGC,C,344,254951
Sr_r_Sspa,CAA,Q,7220,254951
Sr_r_Sspa,CAG,Q,757,254951
Sr_r_Sspa,GAA,E,11858,254951
Sr_r_Sspa,GAG,E,1286,254951
Sr_r_Sspa,GGT,G,9437,254951
Sr_r_Sspa,GGC,G,362,254951
Sr_r_Sspa,GGA,G,7258,254951
Sr_r_Sspa,GGG,G,538,254951
Sr_r_Sspa,CAT,H,4923,254951
Sr_r_Sspa,CAC,H,219,254951
Sr_r_Sspa,ATT,I,12663,254951
Sr_r_Sspa,ATC,I,1075,254951
Sr_r_Sspa,ATA,I,8123,254951
Sr_r_Sspa,ATG,M,6285,254951
Sr_r_Sspa,TTA,L,17148,254951
Sr_r_Sspa,TTG,L,2850,254951
Sr_r_Sspa,CTT,L,730,254951
Sr_r_Sspa,CTC,L,127,254951
Sr_r_Sspa,CTA,L,429,254951
Sr_r_Sspa,CTG,L,136,254951
Sr_r_Sspa,AAA,K,19842,254951
Sr_r_Sspa,AAG,K,2100,254951
Sr_r_Sspa,TTT,F,9858,254951
Sr_r_Sspa,TTC,F,1002,254951
Sr_r_Sspa,CCT,P,2055,254951
Sr_r_Sspa,CCC,P,162,254951
Sr_r_Sspa,CCA,P,6809,254951
Sr_r_Sspa,CCG,P,340,254951
Sr_r_Sspa,TCT,S,2157,254951
Sr_r_Sspa,TCC,S,660,254951
Sr_r_Sspa,TCA,S,7501,254951
Sr_r_Sspa,TCG,S,229,254951
Sr_r_Sspa,AGT,S,4558,254951
Sr_r_Sspa,AGC,S,275,254951
Sr_r_Sspa,ACT,T,3283,254951
Sr_r_Sspa,ACC,T,566,254951
Sr_r_Sspa,ACA,T,9046,254951
Sr_r_Sspa,ACG,T,407,254951
Sr_r_Sspa,TGG,W,3195,254951
Sr_r_Sspa,TAT,Y,10315,254951
Sr_r_Sspa,TAC,Y,436,254951
Sr_r_Sspa,GTT,V,6664,254951
Sr_r_Sspa,GTC,V,508,254951
Sr_r_Sspa,GTA,V,6092,254951
Sr_r_Sspa,GTG,V,963,254951
Sr_r_AspA,GCT,A,2928,198831
Sr_r_AspA,GCC,A,183,198831
Sr_r_AspA,GCA,A,7824,198831
Sr_r_AspA,GCG,A,152,198831
Sr_r_AspA,CGT,R,1501,198831
Sr_r_AspA,CGC,R,42,198831
Sr_r_AspA,CGG,R,37,198831
Sr_r_AspA,CGA,R,1476,198831
Sr_r_AspA,AGA,R,4801,198831
Sr_r_AspA,AGG,R,168,198831
Sr_r_AspA,AAT,N,13022,198831
Sr_r_AspA,AAC,N,304,198831
Sr_r_AspA,GAT,D,11554,198831
Sr_r_AspA,GAC,D,290,198831
Sr_r_AspA,TGT,C,3768,198831
Sr_r_AspA,TGC,C,153,198831
Sr_r_AspA,CAA,Q,6854,198831
Sr_r_AspA,CAG,Q,142,198831
Sr_r_AspA,GAA,E,10862,198831
Sr_r_AspA,GAG,E,473,198831
Sr_r_AspA,GGT,G,7871,198831
Sr_r_AspA,GGC,G,198,198831
Sr_r_AspA,GGA,G,5605,198831
Sr_r_AspA,GGG,G,130,198831
Sr_r_AspA,CAT,H,4138,198831
Sr_r_AspA,CAC,H,166,198831
Sr_r_AspA,ATT,I,10424,198831
Sr_r_AspA,ATC,I,278,198831
Sr_r_AspA,ATA,I,6064,198831
Sr_r_AspA,ATG,M,4810,198831
Sr_r_AspA,TTA,L,14217,198831
Sr_r_AspA,TTG,L,945,198831
Sr_r_AspA,CTT,L,1001,198831
Sr_r_AspA,CTC,L,61,198831
Sr_r_AspA,CTA,L,252,198831
Sr_r_AspA,CTG,L,47,198831
Sr_r_AspA,AAA,K,16729,198831
Sr_r_AspA,AAG,K,582,198831
Sr_r_AspA,TTT,F,8288,198831
Sr_r_AspA,TTC,F,234,198831
Sr_r_AspA,CCT,P,1329,198831
Sr_r_AspA,CCC,P,70,198831
Sr_r_AspA,CCA,P,5910,198831
Sr_r_AspA,CCG,P,70,198831
Sr_r_AspA,TCT,S,1602,198831
Sr_r_AspA,TCC,S,114,198831
Sr_r_AspA,TCA,S,6560,198831
Sr_r_AspA,TCG,S,120,198831
Sr_r_AspA,AGT,S,2766,198831
Sr_r_AspA,AGC,S,119,198831
Sr_r_AspA,ACT,T,2287,198831
Sr_r_AspA,ACC,T,154,198831
Sr_r_AspA,ACA,T,7626,198831
Sr_r_AspA,ACG,T,124,198831
Sr_r_AspA,TGG,W,2539,198831
Sr_r_AspA,TAT,Y,7524,198831
Sr_r_AspA,TAC,Y,203,198831
Sr_r_AspA,GTT,V,5190,198831
Sr_r_AspA,GTC,V,179,198831
Sr_r_AspA,GTA,V,5392,198831
Sr_r_AspA,GTG,V,379,198831
Sr_r_Ti04,GCT,A,2995,143105
Sr_r_Ti04,GCC,A,483,143105
Sr_r_Ti04,GCA,A,4767,143105
Sr_r_Ti04,GCG,A,650,143105
Sr_r_Ti04,CGT,R,3343,143105
Sr_r_Ti04,CGC,R,446,143105
Sr_r_Ti04,CGG,R,142,143105
Sr_r_Ti04,CGA,R,1998,143105
Sr_r_Ti04,AGA,R,1543,143105
Sr_r_Ti04,AGG,R,107,143105
Sr_r_Ti04,AAT,N,5984,143105
Sr_r_Ti04,AAC,N,834,143105
Sr_r_Ti04,GAT,D,7688,143105
Sr_r_Ti04,GAC,D,913,143105
Sr_r_Ti04,TGT,C,2046,143105
Sr_r_Ti04,TGC,C,346,143105
Sr_r_Ti04,CAA,Q,5970,143105
Sr_r_Ti04,CAG,Q,403,143105
Sr_r_Ti04,GAA,E,7859,143105
Sr_r_Ti04,GAG,E,744,143105
Sr_r_Ti04,GGT,G,3886,143105
Sr_r_Ti04,GGC,G,562,143105
Sr_r_Ti04,GGA,G,4532,143105
Sr_r_Ti04,GGG,G,592,143105
Sr_r_Ti04,CAT,H,3222,143105
Sr_r_Ti04,CAC,H,470,143105
Sr_r_Ti04,ATT,I,5987,143105
Sr_r_Ti04,ATC,I,1231,143105
Sr_r_Ti04,ATA,I,2493,143105
Sr_r_Ti04,ATG,M,3372,143105
Sr_r_Ti04,TTA,L,8532,143105
Sr_r_Ti04,TTG,L,1311,143105
Sr_r_Ti04,CTT,L,1601,143105
Sr_r_Ti04,CTC,L,296,143105
Sr_r_Ti04,CTA,L,694,143105
Sr_r_Ti04,CTG,L,112,143105
Sr_r_Ti04,AAA,K,8534,143105
Sr_r_Ti04,AAG,K,973,143105
Sr_r_Ti04,TTT,F,5269,143105
Sr_r_Ti04,TTC,F,983,143105
Sr_r_Ti04,CCT,P,2123,143105
Sr_r_Ti04,CCC,P,246,143105
Sr_r_Ti04,CCA,P,3536,143105
Sr_r_Ti04,CCG,P,311,143105
Sr_r_Ti04,TCT,S,2782,143105
Sr_r_Ti04,TCC,S,453,143105
Sr_r_Ti04,TCA,S,3605,143105
Sr_r_Ti04,TCG,S,462,143105
Sr_r_Ti04,AGT,S,1659,143105
Sr_r_Ti04,AGC,S,197,143105
Sr_r_Ti04,ACT,T,2353,143105
Sr_r_Ti04,ACC,T,428,143105
Sr_r_Ti04,ACA,T,4247,143105
Sr_r_Ti04,ACG,T,512,143105
Sr_r_Ti04,TGG,W,1892,143105
Sr_r_Ti04,TAT,Y,4415,143105
Sr_r_Ti04,TAC,Y,568,143105
Sr_r_Ti04,GTT,V,3866,143105
Sr_r_Ti04,GTC,V,1022,143105
Sr_r_Ti04,GTA,V,3468,143105
Sr_r_Ti04,GTG,V,1047,143105
Sr_r_Amon,GCT,A,4548,209801
Sr_r_Amon,GCC,A,1133,209801
Sr_r_Amon,GCA,A,6583,209801
Sr_r_Amon,GCG,A,1077,209801
Sr_r_Amon,CGT,R,2809,209801
Sr_r_Amon,CGC,R,1031,209801
Sr_r_Amon,CGG,R,322,209801
Sr_r_Amon,CGA,R,1606,209801
Sr_r_Amon,AGA,R,3590,209801
Sr_r_Amon,AGG,R,706,209801
Sr_r_Amon,AAT,N,9147,209801
Sr_r_Amon,AAC,N,2264,209801
Sr_r_Amon,GAT,D,9868,209801
Sr_r_Amon,GAC,D,1562,209801
Sr_r_Amon,TGT,C,3274,209801
Sr_r_Amon,TGC,C,1316,209801
Sr_r_Amon,CAA,Q,5829,209801
Sr_r_Amon,CAG,Q,1968,209801
Sr_r_Amon,GAA,E,8670,209801
Sr_r_Amon,GAG,E,3606,209801
Sr_r_Amon,GGT,G,6092,209801
Sr_r_Amon,GGC,G,1549,209801
Sr_r_Amon,GGA,G,5012,209801
Sr_r_Amon,GGG,G,1320,209801
Sr_r_Amon,CAT,H,4447,209801
Sr_r_Amon,CAC,H,841,209801
Sr_r_Amon,ATT,I,8345,209801
Sr_r_Amon,ATC,I,2761,209801
Sr_r_Amon,ATA,I,5164,209801
Sr_r_Amon,ATG,M,5931,209801
Sr_r_Amon,TTA,L,5023,209801
Sr_r_Amon,TTG,L,7936,209801
Sr_r_Amon,CTT,L,1633,209801
Sr_r_Amon,CTC,L,1329,209801
Sr_r_Amon,CTA,L,1191,209801
Sr_r_Amon,CTG,L,708,209801
Sr_r_Amon,AAA,K,10666,209801
Sr_r_Amon,AAG,K,3500,209801
Sr_r_Amon,TTT,F,6291,209801
Sr_r_Amon,TTC,F,2831,209801
Sr_r_Amon,CCT,P,1952,209801
Sr_r_Amon,CCC,P,667,209801
Sr_r_Amon,CCA,P,4528,209801
Sr_r_Amon,CCG,P,765,209801
Sr_r_Amon,TCT,S,3290,209801
Sr_r_Amon,TCC,S,1243,209801
Sr_r_Amon,TCA,S,4188,209801
Sr_r_Amon,TCG,S,998,209801
Sr_r_Amon,AGT,S,3688,209801
Sr_r_Amon,AGC,S,780,209801
Sr_r_Amon,ACT,T,4274,209801
Sr_r_Amon,ACC,T,1648,209801
Sr_r_Amon,ACA,T,4532,209801
Sr_r_Amon,ACG,T,736,209801
Sr_r_Amon,TGG,W,2575,209801
Sr_r_Amon,TAT,Y,5833,209801
Sr_r_Amon,TAC,Y,1764,209801
Sr_r_Amon,GTT,V,4792,209801
Sr_r_Amon,GTC,V,1064,209801
Sr_r_Amon,GTA,V,3418,209801
Sr_r_Amon,GTG,V,3587,209801
Sr_r_Pina,GCT,A,5054,229180
Sr_r_Pina,GCC,A,1178,229180
Sr_r_Pina,GCA,A,7011,229180
Sr_r_Pina,GCG,A,974,229180
Sr_r_Pina,CGT,R,2450,229180
Sr_r_Pina,CGC,R,946,229180
Sr_r_Pina,CGG,R,509,229180
Sr_r_Pina,CGA,R,1537,229180
Sr_r_Pina,AGA,R,4279,229180
Sr_r_Pina,AGG,R,1032,229180
Sr_r_Pina,AAT,N,10487,229180
Sr_r_Pina,AAC,N,2233,229180
Sr_r_Pina,GAT,D,11016,229180
Sr_r_Pina,GAC,D,1617,229180
Sr_r_Pina,TGT,C,3401,229180
Sr_r_Pina,TGC,C,1697,229180
Sr_r_Pina,CAA,Q,5575,229180
Sr_r_Pina,CAG,Q,2936,229180
Sr_r_Pina,GAA,E,9049,229180
Sr_r_Pina,GAG,E,4361,229180
Sr_r_Pina,GGT,G,5303,229180
Sr_r_Pina,GGC,G,1503,229180
Sr_r_Pina,GGA,G,6328,229180
Sr_r_Pina,GGG,G,1786,229180
Sr_r_Pina,CAT,H,4978,229180
Sr_r_Pina,CAC,H,893,229180
Sr_r_Pina,ATT,I,9425,229180
Sr_r_Pina,ATC,I,3260,229180
Sr_r_Pina,ATA,I,5069,229180
Sr_r_Pina,ATG,M,6496,229180
Sr_r_Pina,TTA,L,5138,229180
Sr_r_Pina,TTG,L,9037,229180
Sr_r_Pina,CTT,L,1802,229180
Sr_r_Pina,CTC,L,1171,229180
Sr_r_Pina,CTA,L,1140,229180
Sr_r_Pina,CTG,L,1517,229180
Sr_r_Pina,AAA,K,10987,229180
Sr_r_Pina,AAG,K,4711,229180
Sr_r_Pina,TTT,F,6849,229180
Sr_r_Pina,TTC,F,3441,229180
Sr_r_Pina,CCT,P,2404,229180
Sr_r_Pina,CCC,P,754,229180
Sr_r_Pina,CCA,P,4471,229180
Sr_r_Pina,CCG,P,810,229180
Sr_r_Pina,TCT,S,4078,229180
Sr_r_Pina,TCC,S,1496,229180
Sr_r_Pina,TCA,S,4828,229180
Sr_r_Pina,TCG,S,837,229180
Sr_r_Pina,AGT,S,3724,229180
Sr_r_Pina,AGC,S,1110,229180
Sr_r_Pina,ACT,T,4958,229180
Sr_r_Pina,ACC,T,1618,229180
Sr_r_Pina,ACA,T,4254,229180
Sr_r_Pina,ACG,T,737,229180
Sr_r_Pina,TGG,W,2778,229180
Sr_r_Pina,TAT,Y,6300,229180
Sr_r_Pina,TAC,Y,1812,229180
Sr_r_Pina,GTT,V,5406,229180
Sr_r_Pina,GTC,V,1335,229180
Sr_r_Pina,GTA,V,2997,229180
Sr_r_Pina,GTG,V,4297,229180
Sr_r_Slin,GCT,A,5252,229666
Sr_r_Slin,GCC,A,1833,229666
Sr_r_Slin,GCA,A,6051,229666
Sr_r_Slin,GCG,A,1433,229666
Sr_r_Slin,CGT,R,2738,229666
Sr_r_Slin,CGC,R,1392,229666
Sr_r_Slin,CGG,R,548,229666
Sr_r_Slin,CGA,R,1849,229666
Sr_r_Slin,AGA,R,3965,229666
Sr_r_Slin,AGG,R,458,229666
Sr_r_Slin,AAT,N,10762,229666
Sr_r_Slin,AAC,N,2068,229666
Sr_r_Slin,GAT,D,10797,229666
Sr_r_Slin,GAC,D,1829,229666
Sr_r_Slin,TGT,C,2992,229666
Sr_r_Slin,TGC,C,1730,229666
Sr_r_Slin,CAA,Q,6225,229666
Sr_r_Slin,CAG,Q,2222,229666
Sr_r_Slin,GAA,E,9881,229666
Sr_r_Slin,GAG,E,3432,229666
Sr_r_Slin,GGT,G,4755,229666
Sr_r_Slin,GGC,G,2877,229666
Sr_r_Slin,GGA,G,5926,229666
Sr_r_Slin,GGG,G,1170,229666
Sr_r_Slin,CAT,H,5023,229666
Sr_r_Slin,CAC,H,736,229666
Sr_r_Slin,ATT,I,9741,229666
Sr_r_Slin,ATC,I,3340,229666
Sr_r_Slin,ATA,I,5269,229666
Sr_r_Slin,ATG,M,6526,229666
Sr_r_Slin,TTA,L,6946,229666
Sr_r_Slin,TTG,L,7642,229666
Sr_r_Slin,CTT,L,1856,229666
Sr_r_Slin,CTC,L,1286,229666
Sr_r_Slin,CTA,L,838,229666
Sr_r_Slin,CTG,L,1072,229666
Sr_r_Slin,AAA,K,12711,229666
Sr_r_Slin,AAG,K,3550,229666
Sr_r_Slin,TTT,F,7161,229666
Sr_r_Slin,TTC,F,3042,229666
Sr_r_Slin,CCT,P,2503,229666
Sr_r_Slin,CCC,P,1065,229666
Sr_r_Slin,CCA,P,3862,229666
Sr_r_Slin,CCG,P,1152,229666
Sr_r_Slin,TCT,S,4166,229666
Sr_r_Slin,TCC,S,1587,229666
Sr_r_Slin,TCA,S,4244,229666
Sr_r_Slin,TCG,S,1114,229666
Sr_r_Slin,AGT,S,3350,229666
Sr_r_Slin,AGC,S,1133,229666
Sr_r_Slin,ACT,T,5117,229666
Sr_r_Slin,ACC,T,1668,229666
Sr_r_Slin,ACA,T,3838,229666
Sr_r_Slin,ACG,T,1036,229666
Sr_r_Slin,TGG,W,2790,229666
Sr_r_Slin,TAT,Y,6834,229666
Sr_r_Slin,TAC,Y,1588,229666
Sr_r_Slin,GTT,V,5099,229666
Sr_r_Slin,GTC,V,1248,229666
Sr_r_Slin,GTA,V,3641,229666
Sr_r_Slin,GTG,V,3707,229666
Sr_r_Hind,GCT,A,1307,271875
Sr_r_Hind,GCC,A,6870,271875
Sr_r_Hind,GCA,A,3118,271875
Sr_r_Hind,GCG,A,9698,271875
Sr_r_Hind,CGT,R,1341,271875
Sr_r_Hind,CGC,R,6273,271875
Sr_r_Hind,CGG,R,1478,271875
Sr_r_Hind,CGA,R,1705,271875
Sr_r_Hind,AGA,R,2028,271875
Sr_r_Hind,AGG,R,496,271875
Sr_r_Hind,AAT,N,7832,271875
Sr_r_Hind,AAC,N,7318,271875
Sr_r_Hind,GAT,D,6955,271875
Sr_r_Hind,GAC,D,8590,271875
Sr_r_Hind,TGT,C,1628,271875
Sr_r_Hind,TGC,C,3749,271875
Sr_r_Hind,CAA,Q,4578,271875
Sr_r_Hind,CAG,Q,6562,271875
Sr_r_Hind,GAA,E,5396,271875
Sr_r_Hind,GAG,E,9831,271875
Sr_r_Hind,GGT,G,2556,271875
Sr_r_Hind,GGC,G,10763,271875
Sr_r_Hind,GGA,G,3037,271875
Sr_r_Hind,GGG,G,1934,271875
Sr_r_Hind,CAT,H,2818,271875
Sr_r_Hind,CAC,H,4676,271875
Sr_r_Hind,ATT,I,6970,271875
Sr_r_Hind,ATC,I,9196,271875
Sr_r_Hind,ATA,I,1360,271875
Sr_r_Hind,ATG,M,7218,271875
Sr_r_Hind,TTA,L,2496,271875
Sr_r_Hind,TTG,L,8560,271875
Sr_r_Hind,CTT,L,396,271875
Sr_r_Hind,CTC,L,3442,271875
Sr_r_Hind,CTA,L,602,271875
Sr_r_Hind,CTG,L,7319,271875
Sr_r_Hind,AAA,K,8061,271875
Sr_r_Hind,AAG,K,8204,271875
Sr_r_Hind,TTT,F,5786,271875
Sr_r_Hind,TTC,F,5876,271875
Sr_r_Hind,CCT,P,691,271875
Sr_r_Hind,CCC,P,3229,271875
Sr_r_Hind,CCA,P,1785,271875
Sr_r_Hind,CCG,P,5026,271875
Sr_r_Hind,TCT,S,1849,271875
Sr_r_Hind,TCC,S,2890,271875
Sr_r_Hind,TCA,S,1429,271875
Sr_r_Hind,TCG,S,6567,271875
Sr_r_Hind,AGT,S,2048,271875
Sr_r_Hind,AGC,S,3818,271875
Sr_r_Hind,ACT,T,1589,271875
Sr_r_Hind,ACC,T,4753,271875
Sr_r_Hind,ACA,T,2216,271875
Sr_r_Hind,ACG,T,6306,271875
Sr_r_Hind,TGG,W,3279,271875
Sr_r_Hind,TAT,Y,4149,271875
Sr_r_Hind,TAC,Y,5062,271875
Sr_r_Hind,GTT,V,1516,271875
Sr_r_Hind,GTC,V,3523,271875
Sr_r_Hind,GTA,V,784,271875
Sr_r_Hind,GTG,V,11343,271875
Sr_r_Hhir,GCT,A,3915,216608
Sr_r_Hhir,GCC,A,917,216608
Sr_r_Hhir,GCA,A,7297,216608
Sr_r_Hhir,GCG,A,1984,216608
Sr_r_Hhir,CGT,R,4709,216608
Sr_r_Hhir,CGC,R,858,216608
Sr_r_Hhir,CGG,R,805,216608
Sr_r_Hhir,CGA,R,2577,216608
Sr_r_Hhir,AGA,R,2643,216608
Sr_r_Hhir,AGG,R,696,216608
Sr_r_Hhir,AAT,N,7512,216608
Sr_r_Hhir,AAC,N,3431,216608
Sr_r_Hhir,GAT,D,8412,216608
Sr_r_Hhir,GAC,D,3794,216608
Sr_r_Hhir,TGT,C,3178,216608
Sr_r_Hhir,TGC,C,755,216608
Sr_r_Hhir,CAA,Q,6603,216608
Sr_r_Hhir,CAG,Q,1950,216608
Sr_r_Hhir,GAA,E,10045,216608
Sr_r_Hhir,GAG,E,3527,216608
Sr_r_Hhir,GGT,G,7627,216608
Sr_r_Hhir,GGC,G,1177,216608
Sr_r_Hhir,GGA,G,4608,216608
Sr_r_Hhir,GGG,G,1949,216608
Sr_r_Hhir,CAT,H,4034,216608
Sr_r_Hhir,CAC,H,1625,216608
Sr_r_Hhir,ATT,I,6530,216608
Sr_r_Hhir,ATC,I,2737,216608
Sr_r_Hhir,ATA,I,5007,216608
Sr_r_Hhir,ATG,M,5829,216608
Sr_r_Hhir,TTA,L,8398,216608
Sr_r_Hhir,TTG,L,3418,216608
Sr_r_Hhir,CTT,L,3324,216608
Sr_r_Hhir,CTC,L,1573,216608
Sr_r_Hhir,CTA,L,1365,216608
Sr_r_Hhir,CTG,L,621,216608
Sr_r_Hhir,AAA,K,8540,216608
Sr_r_Hhir,AAG,K,2454,216608
Sr_r_Hhir,TTT,F,7307,216608
Sr_r_Hhir,TTC,F,1973,216608
Sr_r_Hhir,CCT,P,3361,216608
Sr_r_Hhir,CCC,P,952,216608
Sr_r_Hhir,CCA,P,4851,216608
Sr_r_Hhir,CCG,P,485,216608
Sr_r_Hhir,TCT,S,2823,216608
Sr_r_Hhir,TCC,S,834,216608
Sr_r_Hhir,TCA,S,5589,216608
Sr_r_Hhir,TCG,S,852,216608
Sr_r_Hhir,AGT,S,2996,216608
Sr_r_Hhir,AGC,S,627,216608
Sr_r_Hhir,ACT,T,3737,216608
Sr_r_Hhir,ACC,T,1456,216608
Sr_r_Hhir,ACA,T,6361,216608
Sr_r_Hhir,ACG,T,1036,216608
Sr_r_Hhir,TGG,W,2636,216608
Sr_r_Hhir,TAT,Y,4894,216608
Sr_r_Hhir,TAC,Y,2076,216608
Sr_r_Hhir,GTT,V,6314,216608
Sr_r_Hhir,GTC,V,1951,216608
Sr_r_Hhir,GTA,V,4301,216608
Sr_r_Hhir,GTG,V,2772,216608
Sr_r_ArpA,GCT,A,1782,89200
Sr_r_ArpA,GCC,A,1268,89200
Sr_r_ArpA,GCA,A,1859,89200
Sr_r_ArpA,GCG,A,1177,89200
Sr_r_ArpA,CGT,R,1340,89200
Sr_r_ArpA,CGC,R,624,89200
Sr_r_ArpA,CGG,R,201,89200
Sr_r_ArpA,CGA,R,1016,89200
Sr_r_ArpA,AGA,R,1101,89200
Sr_r_ArpA,AGG,R,528,89200
Sr_r_ArpA,AAT,N,2414,89200
Sr_r_ArpA,AAC,N,1604,89200
Sr_r_ArpA,GAT,D,2329,89200
Sr_r_ArpA,GAC,D,2919,89200
Sr_r_ArpA,TGT,C,975,89200
Sr_r_ArpA,TGC,C,654,89200
Sr_r_ArpA,CAA,Q,1949,89200
Sr_r_ArpA,CAG,Q,1170,89200
Sr_r_ArpA,GAA,E,3001,89200
Sr_r_ArpA,GAG,E,2607,89200
Sr_r_ArpA,GGT,G,1661,89200
Sr_r_ArpA,GGC,G,1231,89200
Sr_r_ArpA,GGA,G,1949,89200
Sr_r_ArpA,GGG,G,1407,89200
Sr_r_ArpA,CAT,H,765,89200
Sr_r_ArpA,CAC,H,1515,89200
Sr_r_ArpA,ATT,I,2576,89200
Sr_r_ArpA,ATC,I,1956,89200
Sr_r_ArpA,ATA,I,1040,89200
Sr_r_ArpA,ATG,M,2407,89200
Sr_r_ArpA,TTA,L,1719,89200
Sr_r_ArpA,TTG,L,2665,89200
Sr_r_ArpA,CTT,L,741,89200
Sr_r_ArpA,CTC,L,1579,89200
Sr_r_ArpA,CTA,L,233,89200
Sr_r_ArpA,CTG,L,604,89200
Sr_r_ArpA,AAA,K,3779,89200
Sr_r_ArpA,AAG,K,3441,89200
Sr_r_ArpA,TTT,F,2116,89200
Sr_r_ArpA,TTC,F,1481,89200
Sr_r_ArpA,CCT,P,1420,89200
Sr_r_ArpA,CCC,P,831,89200
Sr_r_ArpA,CCA,P,825,89200
Sr_r_ArpA,CCG,P,291,89200
Sr_r_ArpA,TCT,S,1284,89200
Sr_r_ArpA,TCC,S,681,89200
Sr_r_ArpA,TCA,S,1021,89200
Sr_r_ArpA,TCG,S,660,89200
Sr_r_ArpA,AGT,S,1310,89200
Sr_r_ArpA,AGC,S,471,89200
Sr_r_ArpA,ACT,T,1736,89200
Sr_r_ArpA,ACC,T,584,89200
Sr_r_ArpA,ACA,T,1544,89200
Sr_r_ArpA,ACG,T,907,89200
Sr_r_ArpA,TGG,W,1146,89200
Sr_r_ArpA,TAT,Y,1333,89200
Sr_r_ArpA,TAC,Y,1613,89200
Sr_r_ArpA,GTT,V,1290,89200
Sr_r_ArpA,GTC,V,2289,89200
Sr_r_ArpA,GTA,V,667,89200
Sr_r_ArpA,GTG,V,1914,89200
Sr_r_Ph02,GCT,A,268,19108
Sr_r_Ph02,GCC,A,457,19108
Sr_r_Ph02,GCA,A,376,19108
Sr_r_Ph02,GCG,A,317,19108
Sr_r_Ph02,CGT,R,265,19108
Sr_r_Ph02,CGC,R,266,19108
Sr_r_Ph02,CGG,R,35,19108
Sr_r_Ph02,CGA,R,185,19108
Sr_r_Ph02,AGA,R,265,19108
Sr_r_Ph02,AGG,R,22,19108
Sr_r_Ph02,AAT,N,576,19108
Sr_r_Ph02,AAC,N,264,19108
Sr_r_Ph02,GAT,D,849,19108
Sr_r_Ph02,GAC,D,357,19108
Sr_r_Ph02,TGT,C,179,19108
Sr_r_Ph02,TGC,C,159,19108
Sr_r_Ph02,CAA,Q,493,19108
Sr_r_Ph02,CAG,Q,225,19108
Sr_r_Ph02,GAA,E,818,19108
Sr_r_Ph02,GAG,E,347,19108
Sr_r_Ph02,GGT,G,448,19108
Sr_r_Ph02,GGC,G,447,19108
Sr_r_Ph02,GGA,G,369,19108
Sr_r_Ph02,GGG,G,58,19108
Sr_r_Ph02,CAT,H,214,19108
Sr_r_Ph02,CAC,H,235,19108
Sr_r_Ph02,ATT,I,482,19108
Sr_r_Ph02,ATC,I,551,19108
Sr_r_Ph02,ATA,I,142,19108
Sr_r_Ph02,ATG,M,518,19108
Sr_r_Ph02,TTA,L,423,19108
Sr_r_Ph02,TTG,L,675,19108
Sr_r_Ph02,CTT,L,59,19108
Sr_r_Ph02,CTC,L,176,19108
Sr_r_Ph02,CTA,L,127,19108
Sr_r_Ph02,CTG,L,155,19108
Sr_r_Ph02,AAA,K,1121,19108
Sr_r_Ph02,AAG,K,348,19108
Sr_r_Ph02,TTT,F,360,19108
Sr_r_Ph02,TTC,F,428,19108
Sr_r_Ph02,CCT,P,119,19108
Sr_r_Ph02,CCC,P,238,19108
Sr_r_Ph02,CCA,P,265,19108
Sr_r_Ph02,CCG,P,144,19108
Sr_r_Ph02,TCT,S,112,19108
Sr_r_Ph02,TCC,S,218,19108
Sr_r_Ph02,TCA,S,177,19108
Sr_r_Ph02,TCG,S,265,19108
Sr_r_Ph02,AGT,S,218,19108
Sr_r_Ph02,AGC,S,106,19108
Sr_r_Ph02,ACT,T,143,19108
Sr_r_Ph02,ACC,T,267,19108
Sr_r_Ph02,ACA,T,280,19108
Sr_r_Ph02,ACG,T,231,19108
Sr_r_Ph02,TGG,W,256,19108
Sr_r_Ph02,TAT,Y,419,19108
Sr_r_Ph02,TAC,Y,270,19108
Sr_r_Ph02,GTT,V,204,19108
Sr_r_Ph02,GTC,V,336,19108
Sr_r_Ph02,GTA,V,288,19108
Sr_r_Ph02,GTG,V,493,19108
Sr_r_PspA,GCT,A,2932,205455
Sr_r_PspA,GCC,A,4440,205455
Sr_r_PspA,GCA,A,4551,205455
Sr_r_PspA,GCG,A,3260,205455
Sr_r_PspA,CGT,R,2805,205455
Sr_r_PspA,CGC,R,2744,205455
Sr_r_PspA,CGG,R,454,205455
Sr_r_PspA,CGA,R,2212,205455
Sr_r_PspA,AGA,R,2323,205455
Sr_r_PspA,AGG,R,320,205455
Sr_r_PspA,AAT,N,6006,205455
Sr_r_PspA,AAC,N,2925,205455
Sr_r_PspA,GAT,D,9163,205455
Sr_r_PspA,GAC,D,3899,205455
Sr_r_PspA,TGT,C,2107,205455
Sr_r_PspA,TGC,C,1673,205455
Sr_r_PspA,CAA,Q,5222,205455
Sr_r_PspA,CAG,Q,2400,205455
Sr_r_PspA,GAA,E,8920,205455
Sr_r_PspA,GAG,E,3760,205455
Sr_r_PspA,GGT,G,5147,205455
Sr_r_PspA,GGC,G,4784,205455
Sr_r_PspA,GGA,G,3759,205455
Sr_r_PspA,GGG,G,814,205455
Sr_r_PspA,CAT,H,2744,205455
Sr_r_PspA,CAC,H,2463,205455
Sr_r_PspA,ATT,I,5133,205455
Sr_r_PspA,ATC,I,5693,205455
Sr_r_PspA,ATA,I,1694,205455
Sr_r_PspA,ATG,M,5578,205455
Sr_r_PspA,TTA,L,4370,205455
Sr_r_PspA,TTG,L,6903,205455
Sr_r_PspA,CTT,L,709,205455
Sr_r_PspA,CTC,L,1862,205455
Sr_r_PspA,CTA,L,1537,205455
Sr_r_PspA,CTG,L,1751,205455
Sr_r_PspA,AAA,K,10759,205455
Sr_r_PspA,AAG,K,3333,205455
Sr_r_PspA,TTT,F,3989,205455
Sr_r_PspA,TTC,F,4556,205455
Sr_r_PspA,CCT,P,1467,205455
Sr_r_PspA,CCC,P,2454,205455
Sr_r_PspA,CCA,P,2989,205455
Sr_r_PspA,CCG,P,1817,205455
Sr_r_PspA,TCT,S,1243,205455
Sr_r_PspA,TCC,S,2199,205455
Sr_r_PspA,TCA,S,2395,205455
Sr_r_PspA,TCG,S,2956,205455
Sr_r_PspA,AGT,S,2643,205455
Sr_r_PspA,AGC,S,1171,205455
Sr_r_PspA,ACT,T,1694,205455
Sr_r_PspA,ACC,T,3101,205455
Sr_r_PspA,ACA,T,3256,205455
Sr_r_PspA,ACG,T,2699,205455
Sr_r_PspA,TGG,W,2771,205455
Sr_r_PspA,TAT,Y,4286,205455
Sr_r_PspA,TAC,Y,2641,205455
Sr_r_PspA,GTT,V,2342,205455
Sr_r_PspA,GTC,V,3637,205455
Sr_r_PspA,GTA,V,2837,205455
Sr_r_PspA,GTG,V,5163,205455
Sr_r_Pfue,GCT,A,4080,251132
Sr_r_Pfue,GCC,A,4236,251132
Sr_r_Pfue,GCA,A,4883,251132
Sr_r_Pfue,GCG,A,5437,251132
Sr_r_Pfue,CGT,R,3128,251132
Sr_r_Pfue,CGC,R,3011,251132
Sr_r_Pfue,CGG,R,632,251132
Sr_r_Pfue,CGA,R,3226,251132
Sr_r_Pfue,AGA,R,2532,251132
Sr_r_Pfue,AGG,R,515,251132
Sr_r_Pfue,AAT,N,7952,251132
Sr_r_Pfue,AAC,N,3164,251132
Sr_r_Pfue,GAT,D,10986,251132
Sr_r_Pfue,GAC,D,4534,251132
Sr_r_Pfue,TGT,C,3129,251132
Sr_r_Pfue,TGC,C,1537,251132
Sr_r_Pfue,CAA,Q,6210,251132
Sr_r_Pfue,CAG,Q,3084,251132
Sr_r_Pfue,GAA,E,10432,251132
Sr_r_Pfue,GAG,E,4299,251132
Sr_r_Pfue,GGT,G,6553,251132
Sr_r_Pfue,GGC,G,5558,251132
Sr_r_Pfue,GGA,G,4479,251132
Sr_r_Pfue,GGG,G,1062,251132
Sr_r_Pfue,CAT,H,3420,251132
Sr_r_Pfue,CAC,H,2849,251132
Sr_r_Pfue,ATT,I,6892,251132
Sr_r_Pfue,ATC,I,5474,251132
Sr_r_Pfue,ATA,I,3140,251132
Sr_r_Pfue,ATG,M,6626,251132
Sr_r_Pfue,TTA,L,7773,251132
Sr_r_Pfue,TTG,L,6934,251132
Sr_r_Pfue,CTT,L,1236,251132
Sr_r_Pfue,CTC,L,2201,251132
Sr_r_Pfue,CTA,L,1672,251132
Sr_r_Pfue,CTG,L,1643,251132
Sr_r_Pfue,AAA,K,12877,251132
Sr_r_Pfue,AAG,K,3968,251132
Sr_r_Pfue,TTT,F,6350,251132
Sr_r_Pfue,TTC,F,4200,251132
Sr_r_Pfue,CCT,P,1956,251132
Sr_r_Pfue,CCC,P,2835,251132
Sr_r_Pfue,CCA,P,3379,251132
Sr_r_Pfue,CCG,P,2727,251132
Sr_r_Pfue,TCT,S,2075,251132
Sr_r_Pfue,TCC,S,2096,251132
Sr_r_Pfue,TCA,S,3551,251132
Sr_r_Pfue,TCG,S,3686,251132
Sr_r_Pfue,AGT,S,3392,251132
Sr_r_Pfue,AGC,S,1495,251132
Sr_r_Pfue,ACT,T,3051,251132
Sr_r_Pfue,ACC,T,2776,251132
Sr_r_Pfue,ACA,T,4156,251132
Sr_r_Pfue,ACG,T,3526,251132
Sr_r_Pfue,TGG,W,3334,251132
Sr_r_Pfue,TAT,Y,5392,251132
Sr_r_Pfue,TAC,Y,2934,251132
Sr_r_Pfue,GTT,V,3712,251132
Sr_r_Pfue,GTC,V,4038,251132
Sr_r_Pfue,GTA,V,3735,251132
Sr_r_Pfue,GTG,V,5372,251132
Sr_r_FF02,GCT,A,2063,116471
Sr_r_FF02,GCC,A,636,116471
Sr_r_FF02,GCA,A,3827,116471
Sr_r_FF02,GCG,A,640,116471
Sr_r_FF02,CGT,R,2073,116471
Sr_r_FF02,CGC,R,741,116471
Sr_r_FF02,CGG,R,134,116471
Sr_r_FF02,CGA,R,1044,116471
Sr_r_FF02,AGA,R,1347,116471
Sr_r_FF02,AGG,R,127,116471
Sr_r_FF02,AAT,N,4476,116471
Sr_r_FF02,AAC,N,1620,116471
Sr_r_FF02,GAT,D,5292,116471
Sr_r_FF02,GAC,D,1709,116471
Sr_r_FF02,TGT,C,1286,116471
Sr_r_FF02,TGC,C,810,116471
Sr_r_FF02,CAA,Q,4118,116471
Sr_r_FF02,CAG,Q,525,116471
Sr_r_FF02,GAA,E,6027,116471
Sr_r_FF02,GAG,E,1481,116471
Sr_r_FF02,GGT,G,2604,116471
Sr_r_FF02,GGC,G,1285,116471
Sr_r_FF02,GGA,G,3057,116471
Sr_r_FF02,GGG,G,451,116471
Sr_r_FF02,CAT,H,2086,116471
Sr_r_FF02,CAC,H,725,116471
Sr_r_FF02,ATT,I,4511,116471
Sr_r_FF02,ATC,I,1822,116471
Sr_r_FF02,ATA,I,1932,116471
Sr_r_FF02,ATG,M,2692,116471
Sr_r_FF02,TTA,L,3412,116471
Sr_r_FF02,TTG,L,4502,116471
Sr_r_FF02,CTT,L,674,116471
Sr_r_FF02,CTC,L,303,116471
Sr_r_FF02,CTA,L,417,116471
Sr_r_FF02,CTG,L,599,116471
Sr_r_FF02,AAA,K,7658,116471
Sr_r_FF02,AAG,K,2005,116471
Sr_r_FF02,TTT,F,3815,116471
Sr_r_FF02,TTC,F,1189,116471
Sr_r_FF02,CCT,P,1548,116471
Sr_r_FF02,CCC,P,362,116471
Sr_r_FF02,CCA,P,2069,116471
Sr_r_FF02,CCG,P,305,116471
Sr_r_FF02,TCT,S,1373,116471
Sr_r_FF02,TCC,S,707,116471
Sr_r_FF02,TCA,S,2464,116471
Sr_r_FF02,TCG,S,634,116471
Sr_r_FF02,AGT,S,1343,116471
Sr_r_FF02,AGC,S,694,116471
Sr_r_FF02,ACT,T,1570,116471
Sr_r_FF02,ACC,T,715,116471
Sr_r_FF02,ACA,T,3249,116471
Sr_r_FF02,ACG,T,572,116471
Sr_r_FF02,TGG,W,1497,116471
Sr_r_FF02,TAT,Y,3004,116471
Sr_r_FF02,TAC,Y,1148,116471
Sr_r_FF02,GTT,V,3470,116471
Sr_r_FF02,GTC,V,1225,116471
Sr_r_FF02,GTA,V,1232,116471
Sr_r_FF02,GTG,V,1575,116471
Sr_r_Al02,GCT,A,796,75862
Sr_r_Al02,GCC,A,1517,75862
Sr_r_Al02,GCA,A,874,75862
Sr_r_Al02,GCG,A,2209,75862
Sr_r_Al02,CGT,R,289,75862
Sr_r_Al02,CGC,R,1086,75862
Sr_r_Al02,CGG,R,331,75862
Sr_r_Al02,CGA,R,959,75862
Sr_r_Al02,AGA,R,705,75862
Sr_r_Al02,AGG,R,466,75862
Sr_r_Al02,AAT,N,1025,75862
Sr_r_Al02,AAC,N,2333,75862
Sr_r_Al02,GAT,D,1873,75862
Sr_r_Al02,GAC,D,2684,75862
Sr_r_Al02,TGT,C,386,75862
Sr_r_Al02,TGC,C,1020,75862
Sr_r_Al02,CAA,Q,1009,75862
Sr_r_Al02,CAG,Q,2071,75862
Sr_r_Al02,GAA,E,1377,75862
Sr_r_Al02,GAG,E,3358,75862
Sr_r_Al02,GGT,G,683,75862
Sr_r_Al02,GGC,G,2486,75862
Sr_r_Al02,GGA,G,1744,75862
Sr_r_Al02,GGG,G,247,75862
Sr_r_Al02,CAT,H,766,75862
Sr_r_Al02,CAC,H,1024,75862
Sr_r_Al02,ATT,I,1113,75862
Sr_r_Al02,ATC,I,3271,75862
Sr_r_Al02,ATA,I,501,75862
Sr_r_Al02,ATG,M,1987,75862
Sr_r_Al02,TTA,L,664,75862
Sr_r_Al02,TTG,L,2244,75862
Sr_r_Al02,CTT,L,111,75862
Sr_r_Al02,CTC,L,1122,75862
Sr_r_Al02,CTA,L,189,75862
Sr_r_Al02,CTG,L,2183,75862
Sr_r_Al02,AAA,K,2672,75862
Sr_r_Al02,AAG,K,3586,75862
Sr_r_Al02,TTT,F,1170,75862
Sr_r_Al02,TTC,F,1950,75862
Sr_r_Al02,CCT,P,409,75862
Sr_r_Al02,CCC,P,465,75862
Sr_r_Al02,CCA,P,596,75862
Sr_r_Al02,CCG,P,1410,75862
Sr_r_Al02,TCT,S,436,75862
Sr_r_Al02,TCC,S,707,75862
Sr_r_Al02,TCA,S,350,75862
Sr_r_Al02,TCG,S,1619,75862
Sr_r_Al02,AGT,S,312,75862
Sr_r_Al02,AGC,S,782,75862
Sr_r_Al02,ACT,T,471,75862
Sr_r_Al02,ACC,T,1455,75862
Sr_r_Al02,ACA,T,458,75862
Sr_r_Al02,ACG,T,1442,75862
Sr_r_Al02,TGG,W,988,75862
Sr_r_Al02,TAT,Y,1014,75862
Sr_r_Al02,TAC,Y,1694,75862
Sr_r_Al02,GTT,V,562,75862
Sr_r_Al02,GTC,V,1467,75862
Sr_r_Al02,GTA,V,321,75862
Sr_r_Al02,GTG,V,2823,75862
Sr_r_Aphi,GCT,A,1380,53357
Sr_r_Aphi,GCC,A,315,53357
Sr_r_Aphi,GCA,A,1895,53357
Sr_r_Aphi,GCG,A,272,53357
Sr_r_Aphi,CGT,R,678,53357
Sr_r_Aphi,CGC,R,47,53357
Sr_r_Aphi,CGG,R,32,53357
Sr_r_Aphi,CGA,R,953,53357
Sr_r_Aphi,AGA,R,852,53357
Sr_r_Aphi,AGG,R,116,53357
Sr_r_Aphi,AAT,N,2271,53357
Sr_r_Aphi,AAC,N,209,53357
Sr_r_Aphi,GAT,D,3250,53357
Sr_r_Aphi,GAC,D,189,53357
Sr_r_Aphi,TGT,C,855,53357
Sr_r_Aphi,TGC,C,110,53357
Sr_r_Aphi,CAA,Q,1662,53357
Sr_r_Aphi,CAG,Q,359,53357
Sr_r_Aphi,GAA,E,2459,53357
Sr_r_Aphi,GAG,E,805,53357
Sr_r_Aphi,GGT,G,1910,53357
Sr_r_Aphi,GGC,G,371,53357
Sr_r_Aphi,GGA,G,1630,53357
Sr_r_Aphi,GGG,G,52,53357
Sr_r_Aphi,CAT,H,1148,53357
Sr_r_Aphi,CAC,H,89,53357
Sr_r_Aphi,ATT,I,2154,53357
Sr_r_Aphi,ATC,I,653,53357
Sr_r_Aphi,ATA,I,723,53357
Sr_r_Aphi,ATG,M,1433,53357
Sr_r_Aphi,TTA,L,2852,53357
Sr_r_Aphi,TTG,L,925,53357
Sr_r_Aphi,CTT,L,224,53357
Sr_r_Aphi,CTC,L,76,53357
Sr_r_Aphi,CTA,L,88,53357
Sr_r_Aphi,CTG,L,48,53357
Sr_r_Aphi,AAA,K,3366,53357
Sr_r_Aphi,AAG,K,983,53357
Sr_r_Aphi,TTT,F,1520,53357
Sr_r_Aphi,TTC,F,432,53357
Sr_r_Aphi,CCT,P,548,53357
Sr_r_Aphi,CCC,P,93,53357
Sr_r_Aphi,CCA,P,1313,53357
Sr_r_Aphi,CCG,P,82,53357
Sr_r_Aphi,TCT,S,522,53357
Sr_r_Aphi,TCC,S,139,53357
Sr_r_Aphi,TCA,S,1181,53357
Sr_r_Aphi,TCG,S,243,53357
Sr_r_Aphi,AGT,S,896,53357
Sr_r_Aphi,AGC,S,121,53357
Sr_r_Aphi,ACT,T,982,53357
Sr_r_Aphi,ACC,T,355,53357
Sr_r_Aphi,ACA,T,1285,53357
Sr_r_Aphi,ACG,T,147,53357
Sr_r_Aphi,TGG,W,712,53357
Sr_r_Aphi,TAT,Y,1686,53357
Sr_r_Aphi,TAC,Y,89,53357
Sr_r_Aphi,GTT,V,1272,53357
Sr_r_Aphi,GTC,V,471,53357
Sr_r_Aphi,GTA,V,1124,53357
Sr_r_Aphi,GTG,V,710,53357
Sr_r_Aa01,GCT,A,728,33125
Sr_r_Aa01,GCC,A,32,33125
Sr_r_Aa01,GCA,A,1008,33125
Sr_r_Aa01,GCG,A,37,33125
Sr_r_Aa01,CGT,R,474,33125
Sr_r_Aa01,CGC,R,8,33125
Sr_r_Aa01,CGG,R,3,33125
Sr_r_Aa01,CGA,R,125,33125
Sr_r_Aa01,AGA,R,1213,33125
Sr_r_Aa01,AGG,R,22,33125
Sr_r_Aa01,AAT,N,1860,33125
Sr_r_Aa01,AAC,N,95,33125
Sr_r_Aa01,GAT,D,1866,33125
Sr_r_Aa01,GAC,D,84,33125
Sr_r_Aa01,TGT,C,523,33125
Sr_r_Aa01,TGC,C,26,33125
Sr_r_Aa01,CAA,Q,1298,33125
Sr_r_Aa01,CAG,Q,30,33125
Sr_r_Aa01,GAA,E,1851,33125
Sr_r_Aa01,GAG,E,63,33125
Sr_r_Aa01,GGT,G,1456,33125
Sr_r_Aa01,GGC,G,47,33125
Sr_r_Aa01,GGA,G,601,33125
Sr_r_Aa01,GGG,G,32,33125
Sr_r_Aa01,CAT,H,675,33125
Sr_r_Aa01,CAC,H,23,33125
Sr_r_Aa01,ATT,I,1278,33125
Sr_r_Aa01,ATC,I,81,33125
Sr_r_Aa01,ATA,I,1113,33125
Sr_r_Aa01,ATG,M,812,33125
Sr_r_Aa01,TTA,L,2456,33125
Sr_r_Aa01,TTG,L,238,33125
Sr_r_Aa01,CTT,L,121,33125
Sr_r_Aa01,CTC,L,9,33125
Sr_r_Aa01,CTA,L,56,33125
Sr_r_Aa01,CTG,L,10,33125
Sr_r_Aa01,AAA,K,3006,33125
Sr_r_Aa01,AAG,K,110,33125
Sr_r_Aa01,TTT,F,1225,33125
Sr_r_Aa01,TTC,F,73,33125
Sr_r_Aa01,CCT,P,410,33125
Sr_r_Aa01,CCC,P,14,33125
Sr_r_Aa01,CCA,P,768,33125
Sr_r_Aa01,CCG,P,28,33125
Sr_r_Aa01,TCT,S,346,33125
Sr_r_Aa01,TCC,S,40,33125
Sr_r_Aa01,TCA,S,756,33125
Sr_r_Aa01,TCG,S,26,33125
Sr_r_Aa01,AGT,S,654,33125
Sr_r_Aa01,AGC,S,28,33125
Sr_r_Aa01,ACT,T,693,33125
Sr_r_Aa01,ACC,T,49,33125
Sr_r_Aa01,ACA,T,935,33125
Sr_r_Aa01,ACG,T,38,33125
Sr_r_Aa01,TGG,W,364,33125
Sr_r_Aa01,TAT,Y,996,33125
Sr_r_Aa01,TAC,Y,104,33125
Sr_r_Aa01,GTT,V,892,33125
Sr_r_Aa01,GTC,V,52,33125
Sr_r_Aa01,GTA,V,1085,33125
Sr_r_Aa01,GTG,V,79,33125