Tax	Clade	Species	Genus	Whole_Name
Sr_r_Aa01	Monothalamid	Allogromia Sr_r_Aa01	Allogromia	Allogromia arnoldii
Sr_r_Al01	Globothalamea	Haynesina Sr_r_Al01	Haynesina	Haynesina sp.
Sr_r_Al02	Globothalamea	Ammonia Sr_r_Al02	Ammonia	Ammonia sp. 2
Sr_r_Amon	Xenophyophorea	Aschemonella Sr_r_Amon	Aschemonella	Aschemonella monile
Sr_r_Aphi	Globothalamea	Amphistegina Sr_r_Aphi	Amphistegina	Amphistegina lessoni
Sr_r_ArpA	Monothalamid	Astrammina Sr_r_ArpA	Astrammina	Notodendrodes hyalinosphaira
Sr_r_As01	Globothalamea	Ammonia Sr_r_As01	Ammonia	Ammonia sp. 1
Sr_r_As02	Globothalamea	Ammonia Sr_r_As02	Ammonia	Ammonia sp. 3
Sr_r_As03	Globothalamea	Ammonia Sr_r_As03	Ammonia	Ammonia sp.1
Sr_r_As04	Globothalamea	Ammonia Sr_r_As04	Ammonia	Ammonia sp. 2
Sr_r_As05	Globothalamea	Ammonia Sr_r_As05	Ammonia	Ammonia sp. 1
Sr_r_AspA	Tubothalamid	Ammodiscus Sr_r_AspA	Ammodiscus	Ammodiscus sp.
Sr_r_Bv04	Globothalamea	Bolivina Sr_r_Bv04	Bolivina	Bolivina argentea
Sr_r_Bv05	Globothalamea	Bolivina Sr_r_Bv05	Bolivina	Bolivina argentea
Sr_r_Calb	Textulariida	Cribrostomoides Sr_r_Calb	Cribrostomoides	Cribrostomoides crassimargo
Sr_r_Emac	Globothalamea	Elphidium Sr_r_Emac	Elphidium	Elphidium macellum
Sr_r_Emar	Globothalamea	Elphidium Sr_r_Emar	Elphidium	Elphidium excavatum
Sr_r_Esca	Textulariida	Eggerelloides Sr_r_Esca	Eggerelloides	Eggerelloides scaber
Sr_r_FF02	Monothalamid	Freshwater Sr_r_FF02	Freshwater	Freshwater foram
Sr_r_Hg01	Globothalamea	Haynesina Sr_r_Hg01	Haynesina	Haynesina orbiculare
Sr_r_HgpA	Globothalamea	Haynesina Sr_r_HgpA	Haynesina	Haynesina orbiculare
Sr_r_Hhir	Monothalamid	Hippocrepinella Sr_r_Hhir	Hippocrepinella	Hippocrepinella hirudinea
Sr_r_Hind	Monothalamid	Hippocrepina Sr_r_Hind	Hippocrepina	Hippocrepina indivisa
Sr_r_Mf01	Tubothalamid	Miliammina Sr_r_Mf01	Miliammina	Miliammina sp. 2
Sr_r_Mf02	Tubothalamid	Milliamina Sr_r_Mf02	Milliamina	Miliammina sp. 1
Sr_r_Mf03	Tubothalamid	Milliamina Sr_r_Mf03	Milliamina	Miliammina sp. 1
Sr_r_Ms01	Tubothalamid	Miliammina Sr_r_Ms01	Miliammina	Milliamina sp. 1
Sr_r_Nn01	Globothalamea	Nonionella Sr_r_Nn01	Nonionella	Nonionella sp.
Sr_r_Nn02	Globothalamea	Nonionella Sr_r_Nn02	Nonionella	Nonionella sp.
Sr_r_Nn10	Globothalamea	Nonionella Sr_r_Nn10	Nonionella	Nonionella sp.
Sr_r_Pfue	Monothalamid	Psammophaga Sr_r_Pfue	Psammophaga	Psammophaga fuegia
Sr_r_Ph02	Monothalamid	Psammophaga Sr_r_Ph02	Psammophaga	Psammophaga sp.
Sr_r_Pina	Xenophyophorea	Psammina Sr_r_Pina	Psammina	Psammina sp.
Sr_r_PspA	Monothalamid	Psammophaga Sr_r_PspA	Psammophaga	Psammophaga sp.
Sr_r_Qj01	Tubothalamid	Quinqueloculina Sr_r_Qj01	Quinqueloculina	Quinqueloculina sp.
Sr_r_QjpA	Tubothalamid	Quinqueloculina Sr_r_QjpA	Quinqueloculina	Quinqueloculina sp.
Sr_r_RspA	Globothalamea	Reophax Sr_r_RspA	Reophax	Reophax
Sr_r_Slin	Xenophyophorea	Shinkaiya Sr_r_Slin	Shinkaiya	Shinkaiya lindsayi
Sr_r_Ssp1	Textulariida	Spiroplectammina Sr_r_Ssp1	Spiroplectammina	Spiroplectammina sp.
Sr_r_Sspa	Tubothalamid	Sorites Sr_r_Sspa	Sorites	Sorites sp.
Sr_r_Tgra	Textulariida	Textularia Sr_r_Tgra	Textularia	Textularia pseudogramen
Sr_r_Ti02	Textulariida	Trochammina Sr_r_Ti02	Trochammina	Trochammina sp.1
Sr_r_Ti04	Textulariida	Trochammina Sr_r_Ti04	Trochammina	Vellaria sp.
Sr_r_Tr01	Tubothalamid	Tri-Quin Sr_r_Tr01	Tri-Quin	Triloculina sp.
Sr_r_Tr02	Tubothalamid	Tri-Quin Sr_r_Tr02	Tri-Quin	Triloculina sp.
Sr_r_Ts01	Textulariida	Trochammina Sr_r_Ts01	Trochammina	Trochammina sp.1
Sr_r_Ts02	Textulariida	Trochammina Sr_r_Ts02	Trochammina	Trochammina sp.2
Sr_r_Tsp1	Textulariida	Trochammina Sr_r_Tsp1	Trochammina	Trochammina sp.3
Sr_r_Tx01	Monothalamid	Toxisarcon Sr_r_Tx01	Toxisarcon	Toxisarcon taimyr
Am_d_Acas	Amoebozoa	Amoebozoa Am_d_Acas	Acanthamoeba	Acanthamoeba castellanii
Am_m_Ddis	Amoebozoa	Amoebozoa Am_m_Ddis	Dictyostelium	Dictyostelium discoideum
Op_f_Same	Fungi	Fungi Op_f_Same	Sugiyamaella	Sugiyamaella americana
Op_f_Scer	Fungi	Fungi Op_f_Scer	Saccharomyces	Saccharomyces cerevisiae
Sr_a_Pfal	Apicomplexa	Apicomplexa Sr_a_Pfal	Plasmodium	Plasmodium falciparum
Sr_a_Pviv	Apicomplexa	Apicomplexa Sr_a_Pviv	Plasmodium	Plasmodium vivax